{"stats":{"minecraft:picked_up":{"create:iron_sheet":3,"minecraft:salmon":7,"minecraft:flint":24,"minecraft:oak_log":11,"minecraft:dirt":12,"minecraft:string":1,"naturalist:bass":4,"create:crushing_wheel":2,"minecraft:apple":1,"minecraft:bow":1,"minecraft:wheat_seeds":1,"minecraft:iron_ingot":52,"minecraft:oak_planks":39,"regions_unexplored:silver_birch_sapling":4,"iceandfire:ghost_chest":1,"minecraft:torch":7,"minecraft:spyglass":1,"minecraft:gravel":172,"sophisticatedbackpacks:backpack":2,"mekanism:raw_tin":1,"minecraft:diamond_shovel":1,"minecraft:rotten_flesh":2,"regions_unexplored:silver_birch_log":12,"minecraft:iron_helmet":1,"minecraft:golden_apple":1,"minecraft:oak_sapling":1,"minecraft:coal":9,"minecraft:cobblestone":237,"minecraft:diamond_pickaxe":1},"minecraft:used":{"naturalist:bass":1,"create:crushing_wheel":2,"minecraft:chest":1,"minecraft:cooked_salmon":8,"minecraft:rotten_flesh":2,"regions_unexplored:maple_planks":17,"minecraft:torch":21,"minecraft:spyglass":5,"minecraft:crafting_table":2,"naturalist:cooked_bass":3,"minecraft:diamond_pickaxe":132,"minecraft:diamond_shovel":211,"minecraft:iron_axe":66,"mekanismtools:osmium_helmet":1,"minecraft:string":1,"iceandfire:ghost_chest":1,"minecraft:iron_helmet":1},"minecraft:dropped":{"minecraft:gravel":1,"minecraft:iron_ingot":37,"minecraft:cobblestone":1,"minecraft:rotten_flesh":3,"minecraft:oak_planks":39,"sophisticatedbackpacks:backpack":1,"regions_unexplored:dorcel":1,"minecraft:nether_bricks":2,"minecraft:cooked_salmon":3,"create:iron_sheet":3},"minecraft:crafted":{"minecraft:oak_planks":44,"minecraft:crafting_table":2,"regions_unexplored:maple_planks":48,"minecraft:cooked_salmon":11,"naturalist:cooked_bass":3,"minecraft:air":0,"minecraft:iron_axe":1,"minecraft:stick":16,"minecraft:torch":24},"minecraft:killed":{"minecraft:salmon":7,"minecraft:zombie":3,"iceandfire:ghost":2,"naturalist:bass":4},"minecraft:mined":{"minecraft:torch":1,"minecraft:grass_block":12,"mekanism:tin_ore":1,"minecraft:tall_grass":5,"minecraft:wall_torch":4,"minecraft:grass":7,"minecraft:oak_log":11,"minecraft:coal_ore":9,"regions_unexplored:silver_birch_log":12,"minecraft:gravel":197,"minecraft:stone":122},"minecraft:custom":{"minecraft:interact_with_furnace":12,"minecraft:mob_kills":16,"minecraft:interact_with_crafting_table":4,"minecraft:interact_with_stonecutter":1,"minecraft:leave_game":4,"minecraft:time_since_death":0,"minecraft:sleep_in_bed":2,"minecraft:time_since_rest":0,"minecraft:sprint_one_cm":87350,"minecraft:damage_taken":751,"minecraft:walk_one_cm":195244,"minecraft:trigger_trapped_chest":3,"minecraft:drop":53,"minecraft:damage_dealt":1676,"minecraft:fly_one_cm":108625,"minecraft:swim_one_cm":23942,"minecraft:open_chest":21,"minecraft:crouch_one_cm":1120,"minecraft:play_time":62202,"minecraft:deaths":1,"minecraft:sneak_time":191,"minecraft:walk_under_water_one_cm":3009,"minecraft:jump":559,"minecraft:interact_with_blast_furnace":2,"minecraft:walk_on_water_one_cm":4478,"minecraft:interact_with_smoker":2,"minecraft:total_world_time":62202,"minecraft:fall_one_cm":14263}},"DataVersion":3465}