{"stats":{"minecraft:picked_up":{"minecraft:wheat":43,"minecraft:redstone_block":1,"mekanism:raw_uranium":113,"regions_unexplored:silt_dirt":1,"mekanism:free_runners":1,"regions_unexplored:brimsprout":4,"minecraft:amethyst_block":36,"minecraft:string":4,"minecraft:polished_blackstone_brick_stairs":3,"minecraft:raw_copper":340,"create:limestone":16,"minecraft:gold_nugget":113,"minecraft:cobbled_deepslate":959,"minecraft:calcite":175,"minecraft:iron_pickaxe":3,"minecraft:furnace":8,"iceandfire:pixie_dust":5,"minecraft:stick":10,"iceandfire:ghost_chest":1,"minecraft:torch":101,"iceandfire:pixie_house_mushroom_brown":1,"minecraft:porkchop":35,"minecraft:dried_kelp":64,"minecraft:diorite":42,"mekanism:raw_tin":219,"minecraft:stone_sword":1,"minecraft:light_gray_bed":1,"minecraft:rotten_flesh":57,"create:asurine":115,"minecraft:obsidian":7,"minecraft:cobblestone":1270,"minecraft:feather":8,"minecraft:cooked_beef":3,"minecraft:lilac":1,"minecraft:magma_cream":2,"minecraft:andesite":167,"minecraft:smoker":1,"minecraft:flint":4,"minecraft:tuff":153,"create:raw_zinc":138,"minecraft:lapis_lazuli":323,"regions_unexplored:cobalt_roots":2,"minecraft:dirt":160,"minecraft:bone":19,"minecraft:bow":3,"minecraft:wheat_seeds":124,"minecraft:raw_gold":146,"minecraft:glowstone_dust":96,"minecraft:moss_block":7,"regions_unexplored:mycotoxic_mushrooms":2,"regions_unexplored:cattail":1,"create:crimsite":2,"minecraft:diamond":14,"regions_unexplored:clover":16,"minecraft:cracked_polished_blackstone_bricks":32,"minecraft:granite":38,"minecraft:bread":66,"minecraft:netherrack":564,"iceandfire:raw_silver":69,"minecraft:diamond_pickaxe":1,"minecraft:charcoal":1,"minecraft:crafting_table":11,"regions_unexplored:mycotoxic_grass":2,"iceandfire:witherbone":1,"minecraft:chicken":9,"regions_unexplored:mycotoxic_daisy":4,"minecraft:blackstone":9,"minecraft:beef":21,"minecraft:oak_boat":1,"minecraft:light_gray_wool":3,"minecraft:sugar_cane":30,"minecraft:egg":3,"minecraft:raw_iron":437,"regions_unexplored:silver_birch_leaf_pile":4,"botania:purple_mushroom":1,"sophisticatedbackpacks:backpack":1,"minecraft:polished_blackstone_bricks":104,"minecraft:redstone":968,"mekanismtools:osmium_helmet":1,"minecraft:arrow":14,"minecraft:mutton":15,"minecraft:white_wool":9,"minecraft:skeleton_skull":1,"minecraft:rail":2,"minecraft:air":0,"minecraft:basalt":24,"minecraft:glow_ink_sac":3,"mekanism:raw_lead":54,"minecraft:salmon":4,"minecraft:leather":11,"minecraft:oak_log":8,"regions_unexplored:red_maple_sapling":2,"minecraft:blue_bed":1,"regions_unexplored:tall_cobalt_earlight":1,"botania:black_mystical_flower":1,"naturalist:bass":3,"minecraft:iron_ingot":14,"regions_unexplored:cobalt_obsidian":5,"minecraft:iron_sword":2,"minecraft:smooth_basalt":10,"minecraft:pumpkin":2,"minecraft:quartz":45,"minecraft:spyglass":2,"minecraft:gravel":20,"mekanism:ingot_tin":11,"minecraft:amethyst_shard":6,"mekanism:atomic_disassembler":1,"minecraft:spruce_sapling":4,"minecraft:blast_furnace":6,"minecraft:white_bed":3,"minecraft:spruce_log":7,"mekanism:raw_osmium":114,"minecraft:spider_eye":1,"minecraft:leather_helmet":1,"minecraft:iron_helmet":1,"mekanism:fluorite_gem":224,"regions_unexplored:maple_log":21,"minecraft:coal":698},"minecraft:used":{"minecraft:moss_block":7,"minecraft:chest":5,"minecraft:shield":139,"iceandfire:pixie_house_mushroom_brown":1,"minecraft:iron_sword":246,"minecraft:iron_chestplate":1,"mekanismtools:osmium_sword":203,"minecraft:tuff":4,"minecraft:iron_helmet":2,"iceandfire:ghost_chest":1,"minecraft:bow":11,"minecraft:furnace":8,"minecraft:skeleton_skull":1,"minecraft:diorite":21,"minecraft:blackstone":6,"minecraft:redstone_block":1,"minecraft:blue_bed":1,"minecraft:white_wool":1,"minecraft:blast_furnace":5,"minecraft:bread":78,"minecraft:andesite":3,"minecraft:bone_meal":100,"regions_unexplored:red_maple_sapling":2,"regions_unexplored:mycotoxic_daisy":4,"minecraft:cooked_chicken":2,"minecraft:netherrack":53,"minecraft:torch":536,"minecraft:dirt":8,"iceandfire:pixie_dust":2,"regions_unexplored:clover":16,"minecraft:iron_hoe":14,"minecraft:light_gray_wool":1,"minecraft:basalt":24,"minecraft:cooked_beef":6,"minecraft:cobbled_deepslate":39,"minecraft:light_gray_bed":1,"minecraft:calcite":1,"minecraft:wheat_seeds":52,"minecraft:cooked_mutton":4,"minecraft:water_bucket":11,"minecraft:polished_blackstone_bricks":82,"minecraft:crafting_table":14,"minecraft:white_bed":4,"minecraft:smoker":1,"minecraft:diamond_pickaxe":1291,"minecraft:apple":1,"mekanism:atomic_disassembler":492,"minecraft:diamond_shovel":60,"minecraft:iron_pickaxe":4150,"minecraft:cobblestone":411,"minecraft:cooked_porkchop":24,"minecraft:bucket":12},"minecraft:dropped":{"minecraft:iron_sword":3,"iceandfire:raw_silver":6,"minecraft:lapis_lazuli":29,"minecraft:cooked_beef":1,"minecraft:glow_ink_sac":1,"minecraft:netherite_upgrade_smithing_template":1,"minecraft:glow_berries":2,"create:crimsite":2,"minecraft:flint":5,"minecraft:dirt":55,"minecraft:iron_pickaxe":4,"minecraft:white_wool":5,"minecraft:bone":2,"minecraft:gravel":20,"minecraft:sugar_cane":16,"minecraft:spyglass":1,"minecraft:cooked_chicken":2,"minecraft:cobbled_deepslate":535,"minecraft:rotten_flesh":2,"minecraft:diamond_shovel":1,"minecraft:cooked_mutton":8,"minecraft:salmon":4,"iceandfire:pixie_dust":1,"minecraft:arrow":6,"minecraft:netherrack":28,"minecraft:bread":41,"minecraft:wheat_seeds":52,"minecraft:iron_helmet":1,"minecraft:cobblestone":192,"minecraft:granite":25,"minecraft:coal":194,"minecraft:stick":5,"minecraft:cobweb":10,"minecraft:diorite":21,"naturalist:bass":3,"mekanism:raw_osmium":2,"create:raw_zinc":11,"minecraft:redstone":48,"minecraft:smooth_basalt":4,"botania:purple_mushroom":1,"minecraft:stone_sword":1,"minecraft:raw_copper":83,"minecraft:tuff":130,"minecraft:raw_iron":55,"minecraft:light_gray_wool":2,"minecraft:diamond_pickaxe":1,"minecraft:iron_chestplate":1,"minecraft:andesite":132,"minecraft:spider_eye":1,"minecraft:bow":3,"minecraft:raw_gold":9,"regions_unexplored:silt_dirt":1},"minecraft:crafted":{"minecraft:oak_planks":32,"regions_unexplored:maple_planks":84,"minecraft:cooked_chicken":2,"minecraft:cooked_mutton":12,"minecraft:chest":5,"minecraft:cooked_porkchop":25,"minecraft:crafting_table":6,"minecraft:spruce_planks":28,"minecraft:iron_helmet":1,"minecraft:copper_ingot":24,"minecraft:iron_chestplate":2,"minecraft:paper":12,"minecraft:shield":3,"minecraft:stick":140,"minecraft:iron_ingot":77,"minecraft:iron_pickaxe":16,"minecraft:bone_meal":36,"minecraft:iron_hoe":1,"minecraft:redstone_block":91,"minecraft:cooked_beef":8,"mekanismtools:osmium_sword":1,"minecraft:bucket":1,"minecraft:bread":14,"minecraft:air":0,"regions_unexplored:pine_planks":4,"minecraft:white_bed":1,"minecraft:torch":436,"minecraft:lapis_lazuli":18,"minecraft:lapis_block":56},"minecraft:broken":{"mekanismtools:osmium_helmet":1,"minecraft:iron_sword":1,"minecraft:golden_chestplate":1,"minecraft:shield":2,"minecraft:iron_pickaxe":15,"minecraft:iron_helmet":1},"minecraft:killed":{"minecraft:spider":3,"naturalist:robin":1,"minecraft:skeleton":17,"minecraft:chicken":9,"minecraft:piglin_brute":4,"minecraft:magma_cube":103,"minecraft:piglin":3,"minecraft:pig":16,"minecraft:salmon":4,"minecraft:sheep":11,"minecraft:zombie":31,"minecraft:glow_squid":1,"minecraft:cow":9,"naturalist:bass":3,"iceandfire:ghost":1,"minecraft:wither_skeleton":3},"minecraft:mined":{"create:deepslate_zinc_ore":89,"minecraft:white_bed":3,"minecraft:farmland":1,"regions_unexplored:brimsprout":2,"regions_unexplored:maple_log":21,"minecraft:obsidian":1,"regions_unexplored:cattail":1,"minecraft:granite":36,"minecraft:budding_amethyst":7,"minecraft:grass_block":43,"minecraft:cracked_polished_blackstone_bricks":38,"minecraft:light_gray_bed":1,"minecraft:gilded_blackstone":1,"minecraft:spawner":1,"minecraft:polished_blackstone_bricks":130,"regions_unexplored:stone_bud":2,"minecraft:glowstone":35,"minecraft:cobbled_deepslate":2,"minecraft:iron_ore":219,"minecraft:fire":1,"minecraft:deepslate_lapis_ore":31,"create:asurine":119,"minecraft:cave_vines":1,"iceandfire:gold_pile":12,"minecraft:small_amethyst_bud":1,"regions_unexplored:silt_grass_block":1,"create:limestone":16,"minecraft:deepslate_redstone_ore":210,"mekanism:osmium_ore":67,"minecraft:blackstone":9,"regions_unexplored:tall_cobalt_earlight":1,"minecraft:smoker":1,"minecraft:torch":35,"regions_unexplored:mycotoxic_daisy":4,"minecraft:blast_furnace":4,"minecraft:calcite":171,"iceandfire:ghost_chest":1,"mekanism:tin_ore":191,"regions_unexplored:cobalt_roots":2,"minecraft:nether_quartz_ore":45,"minecraft:glass":3,"minecraft:cobblestone":47,"minecraft:sugar_cane":6,"minecraft:wall_torch":37,"botania:black_mystical_flower":1,"minecraft:amethyst_block":36,"minecraft:deepslate_copper_ore":14,"minecraft:skeleton_skull":1,"mekanism:fluorite_ore":2,"minecraft:wheat":46,"minecraft:lilac":1,"minecraft:grass":14,"mekanism:deepslate_tin_ore":29,"mekanism:lead_ore":28,"minecraft:dirt":34,"regions_unexplored:clover":8,"minecraft:smooth_basalt":10,"minecraft:netherrack":451,"create:crimsite":2,"regions_unexplored:cobalt_obsidian":5,"minecraft:deepslate":959,"create:zinc_ore":53,"minecraft:nether_gold_ore":7,"minecraft:diamond_ore":1,"minecraft:tuff":167,"iceandfire:silver_ore":56,"minecraft:deepslate_diamond_ore":13,"botania:red_mushroom":1,"mekanism:deepslate_osmium_ore":50,"minecraft:glow_lichen":1,"iceandfire:deepslate_silver_ore":13,"minecraft:spruce_leaves":13,"minecraft:moss_block":9,"botania:purple_mushroom":1,"minecraft:redstone_ore":14,"minecraft:furnace":8,"minecraft:andesite":173,"minecraft:gold_block":1,"minecraft:deepslate_iron_ore":120,"minecraft:vine":8,"regions_unexplored:medium_grass":4,"minecraft:stone":1137,"minecraft:white_wool":1,"regions_unexplored:brimsprout_nylium":11,"mekanism:deepslate_lead_ore":26,"minecraft:redstone_block":1,"regions_unexplored:silver_birch_leaf_pile":1,"minecraft:basalt":25,"regions_unexplored:mycotoxic_moss":6,"minecraft:crafting_table":11,"iceandfire:pixie_house_mushroom_brown":1,"minecraft:copper_ore":79,"minecraft:deepslate_gold_ore":125,"minecraft:lapis_ore":20,"minecraft:polished_blackstone_brick_stairs":3,"minecraft:diorite":19,"minecraft:blue_bed":1,"minecraft:spruce_log":6,"minecraft:coal_ore":510,"minecraft:gravel":25,"mekanism:deepslate_fluorite_ore":73,"minecraft:cobweb":2,"mekanism:deepslate_uranium_ore":114,"minecraft:gold_ore":24},"minecraft:custom":{"minecraft:interact_with_crafting_table":44,"minecraft:leave_game":10,"minecraft:time_since_death":529370,"minecraft:sprint_one_cm":910447,"minecraft:damage_blocked_by_shield":8490,"minecraft:drop":102,"minecraft:play_time":529370,"minecraft:jump":5210,"minecraft:interact_with_brewingstand":1,"minecraft:walk_on_water_one_cm":52127,"minecraft:enchant_item":7,"minecraft:interact_with_furnace":32,"minecraft:sleep_in_bed":5,"minecraft:damage_dealt":20146,"minecraft:player_kills":1,"minecraft:crouch_one_cm":97678,"minecraft:interact_with_smoker":16,"minecraft:mob_kills":223,"minecraft:climb_one_cm":8068,"minecraft:walk_one_cm":1798347,"minecraft:damage_dealt_absorbed":55,"minecraft:sneak_time":44556,"minecraft:walk_under_water_one_cm":30485,"minecraft:boat_one_cm":223928,"minecraft:interact_with_blast_furnace":36,"minecraft:total_world_time":529370,"minecraft:time_since_rest":66120,"minecraft:damage_taken":5849,"minecraft:trigger_trapped_chest":2,"minecraft:swim_one_cm":75146,"minecraft:fly_one_cm":395414,"minecraft:open_chest":155,"minecraft:fall_one_cm":111684}},"DataVersion":3465}