{"stats":{"minecraft:picked_up":{"minecraft:charcoal":1,"minecraft:crafting_table":10,"iceandfire:witherbone":1,"regions_unexplored:mycotoxic_grass":2,"minecraft:redstone_block":1,"minecraft:chicken":2,"mekanism:raw_uranium":108,"regions_unexplored:brimsprout":4,"regions_unexplored:mycotoxic_daisy":4,"mekanism:free_runners":1,"minecraft:polished_blackstone_brick_stairs":3,"minecraft:amethyst_block":36,"minecraft:string":2,"minecraft:raw_copper":57,"create:limestone":16,"minecraft:blackstone":9,"minecraft:gold_nugget":31,"minecraft:cobbled_deepslate":841,"minecraft:oak_boat":1,"minecraft:calcite":173,"minecraft:iron_pickaxe":3,"minecraft:light_gray_wool":1,"minecraft:sugar_cane":30,"minecraft:furnace":8,"iceandfire:pixie_dust":5,"minecraft:stick":10,"minecraft:raw_iron":246,"minecraft:torch":44,"iceandfire:pixie_house_mushroom_brown":1,"botania:purple_mushroom":1,"sophisticatedbackpacks:backpack":1,"minecraft:porkchop":21,"minecraft:polished_blackstone_bricks":102,"minecraft:diorite":33,"minecraft:redstone":828,"mekanism:raw_tin":198,"mekanismtools:osmium_helmet":1,"minecraft:stone_sword":1,"minecraft:arrow":12,"minecraft:rotten_flesh":29,"create:asurine":115,"minecraft:magma_cream":2,"minecraft:basalt":24,"minecraft:obsidian":7,"minecraft:mutton":5,"minecraft:rail":2,"minecraft:skeleton_skull":1,"minecraft:white_wool":4,"minecraft:cobblestone":1114,"minecraft:air":0,"minecraft:cooked_beef":3,"minecraft:feather":2,"minecraft:lilac":1,"mekanism:raw_lead":52,"minecraft:glow_ink_sac":3,"minecraft:andesite":12,"minecraft:flint":4,"minecraft:tuff":49,"create:raw_zinc":127,"minecraft:oak_log":8,"regions_unexplored:red_maple_sapling":2,"minecraft:lapis_lazuli":294,"minecraft:dirt":43,"regions_unexplored:cobalt_roots":2,"regions_unexplored:tall_cobalt_earlight":1,"botania:black_mystical_flower":1,"minecraft:bone":17,"minecraft:bow":2,"minecraft:wheat_seeds":1,"minecraft:raw_gold":103,"minecraft:iron_ingot":12,"regions_unexplored:cobalt_obsidian":5,"minecraft:glowstone_dust":96,"minecraft:iron_sword":2,"minecraft:smooth_basalt":10,"regions_unexplored:mycotoxic_mushrooms":2,"minecraft:pumpkin":2,"minecraft:quartz":45,"minecraft:spyglass":2,"minecraft:gravel":19,"mekanism:ingot_tin":11,"minecraft:amethyst_shard":6,"minecraft:spruce_sapling":4,"minecraft:blast_furnace":4,"minecraft:white_bed":2,"minecraft:spruce_log":7,"mekanism:raw_osmium":106,"minecraft:leather_helmet":1,"regions_unexplored:cattail":1,"create:crimsite":2,"minecraft:cracked_polished_blackstone_bricks":32,"minecraft:diamond":13,"minecraft:iron_helmet":1,"regions_unexplored:clover":16,"minecraft:granite":21,"mekanism:fluorite_gem":218,"regions_unexplored:maple_log":21,"minecraft:bread":66,"minecraft:netherrack":564,"minecraft:coal":529,"iceandfire:raw_silver":52,"minecraft:diamond_pickaxe":1},"minecraft:used":{"regions_unexplored:mycotoxic_daisy":4,"minecraft:chest":5,"minecraft:shield":122,"iceandfire:pixie_house_mushroom_brown":1,"minecraft:iron_sword":246,"minecraft:netherrack":53,"minecraft:cooked_chicken":2,"minecraft:torch":426,"minecraft:dirt":3,"iceandfire:pixie_dust":2,"mekanismtools:osmium_sword":107,"regions_unexplored:clover":16,"minecraft:tuff":4,"minecraft:iron_helmet":1,"minecraft:light_gray_wool":1,"minecraft:basalt":24,"minecraft:bow":11,"minecraft:furnace":8,"minecraft:skeleton_skull":1,"minecraft:cooked_beef":5,"minecraft:calcite":1,"minecraft:cooked_mutton":2,"minecraft:diorite":12,"minecraft:water_bucket":11,"minecraft:blackstone":6,"minecraft:redstone_block":1,"minecraft:polished_blackstone_bricks":5,"minecraft:white_wool":1,"minecraft:crafting_table":13,"minecraft:blast_furnace":4,"minecraft:white_bed":3,"minecraft:diamond_pickaxe":737,"minecraft:apple":1,"minecraft:bread":61,"minecraft:iron_pickaxe":4150,"minecraft:cobblestone":362,"minecraft:bucket":12,"minecraft:cooked_porkchop":17,"regions_unexplored:red_maple_sapling":2},"minecraft:dropped":{"minecraft:bread":33,"minecraft:iron_sword":3,"minecraft:wheat_seeds":1,"minecraft:cooked_beef":1,"minecraft:glow_ink_sac":1,"minecraft:netherite_upgrade_smithing_template":1,"minecraft:cobblestone":192,"minecraft:glow_berries":2,"minecraft:granite":8,"create:crimsite":2,"minecraft:coal":194,"minecraft:stick":5,"minecraft:flint":5,"minecraft:diorite":21,"minecraft:iron_pickaxe":4,"create:raw_zinc":1,"minecraft:smooth_basalt":4,"minecraft:bone":2,"minecraft:gravel":19,"botania:purple_mushroom":1,"minecraft:sugar_cane":16,"minecraft:spyglass":1,"minecraft:stone_sword":1,"minecraft:cobbled_deepslate":520,"minecraft:tuff":26,"minecraft:iron_chestplate":1,"minecraft:andesite":2,"iceandfire:pixie_dust":1,"minecraft:arrow":6,"minecraft:bow":1,"minecraft:netherrack":28},"minecraft:broken":{"minecraft:shield":2,"minecraft:iron_sword":1,"minecraft:iron_pickaxe":15},"minecraft:crafted":{"minecraft:oak_planks":32,"regions_unexplored:maple_planks":84,"minecraft:cooked_chicken":2,"minecraft:cooked_mutton":2,"minecraft:chest":5,"minecraft:redstone_block":91,"mekanismtools:osmium_sword":1,"minecraft:cooked_beef":3,"minecraft:cooked_porkchop":17,"minecraft:crafting_table":5,"minecraft:spruce_planks":28,"minecraft:copper_ingot":24,"minecraft:bucket":1,"minecraft:air":0,"regions_unexplored:pine_planks":4,"minecraft:iron_chestplate":1,"minecraft:paper":12,"minecraft:shield":3,"minecraft:stick":120,"minecraft:iron_ingot":62,"minecraft:iron_pickaxe":16,"minecraft:white_bed":1,"minecraft:torch":356,"minecraft:lapis_lazuli":18,"minecraft:lapis_block":56},"minecraft:killed":{"minecraft:spider":1,"minecraft:skeleton":16,"minecraft:chicken":2,"minecraft:piglin_brute":4,"minecraft:magma_cube":103,"minecraft:piglin":3,"minecraft:pig":8,"minecraft:sheep":4,"minecraft:zombie":25,"minecraft:glow_squid":1,"minecraft:wither_skeleton":3},"minecraft:mined":{"create:zinc_ore":45,"minecraft:nether_gold_ore":7,"create:deepslate_zinc_ore":82,"minecraft:tuff":53,"minecraft:white_bed":2,"regions_unexplored:brimsprout":2,"iceandfire:silver_ore":47,"minecraft:deepslate_diamond_ore":13,"regions_unexplored:maple_log":21,"minecraft:obsidian":1,"mekanism:deepslate_osmium_ore":48,"minecraft:budding_amethyst":7,"minecraft:glow_lichen":1,"regions_unexplored:cattail":1,"minecraft:granite":18,"minecraft:grass_block":5,"minecraft:cracked_polished_blackstone_bricks":38,"iceandfire:deepslate_silver_ore":5,"minecraft:spruce_leaves":13,"minecraft:spawner":1,"minecraft:gilded_blackstone":1,"minecraft:polished_blackstone_bricks":128,"botania:purple_mushroom":1,"minecraft:redstone_ore":6,"regions_unexplored:stone_bud":2,"minecraft:glowstone":35,"minecraft:furnace":8,"minecraft:iron_ore":149,"minecraft:fire":1,"minecraft:andesite":12,"minecraft:deepslate_lapis_ore":31,"minecraft:gold_block":1,"create:asurine":119,"minecraft:deepslate_iron_ore":60,"minecraft:vine":8,"minecraft:small_amethyst_bud":1,"regions_unexplored:medium_grass":4,"minecraft:stone":995,"regions_unexplored:brimsprout_nylium":11,"minecraft:white_wool":1,"create:limestone":16,"mekanism:deepslate_lead_ore":26,"minecraft:deepslate_redstone_ore":187,"mekanism:osmium_ore":61,"minecraft:redstone_block":1,"minecraft:blackstone":9,"regions_unexplored:tall_cobalt_earlight":1,"minecraft:basalt":25,"regions_unexplored:mycotoxic_moss":6,"minecraft:crafting_table":10,"minecraft:torch":5,"regions_unexplored:mycotoxic_daisy":4,"iceandfire:pixie_house_mushroom_brown":1,"minecraft:blast_furnace":2,"minecraft:calcite":171,"mekanism:tin_ore":174,"regions_unexplored:cobalt_roots":2,"minecraft:nether_quartz_ore":45,"minecraft:copper_ore":14,"minecraft:cobblestone":43,"minecraft:lapis_ore":15,"minecraft:deepslate_gold_ore":93,"minecraft:polished_blackstone_brick_stairs":3,"minecraft:sugar_cane":6,"minecraft:diorite":15,"botania:black_mystical_flower":1,"minecraft:wall_torch":15,"minecraft:amethyst_block":36,"minecraft:skeleton_skull":1,"mekanism:fluorite_ore":2,"minecraft:lilac":1,"minecraft:spruce_log":6,"minecraft:grass":5,"mekanism:deepslate_tin_ore":25,"minecraft:coal_ore":405,"mekanism:lead_ore":26,"minecraft:gravel":24,"mekanism:deepslate_fluorite_ore":71,"minecraft:dirt":13,"regions_unexplored:clover":8,"minecraft:cobweb":2,"mekanism:deepslate_uranium_ore":109,"minecraft:smooth_basalt":10,"minecraft:netherrack":451,"minecraft:gold_ore":13,"create:crimsite":2,"regions_unexplored:cobalt_obsidian":5,"minecraft:deepslate":864},"minecraft:custom":{"minecraft:mob_kills":173,"minecraft:interact_with_crafting_table":37,"minecraft:leave_game":8,"minecraft:time_since_death":412637,"minecraft:climb_one_cm":7916,"minecraft:sprint_one_cm":668205,"minecraft:walk_one_cm":1256195,"minecraft:damage_blocked_by_shield":7110,"minecraft:drop":63,"minecraft:damage_dealt_absorbed":55,"minecraft:play_time":412637,"minecraft:sneak_time":39066,"minecraft:walk_under_water_one_cm":20258,"minecraft:boat_one_cm":223928,"minecraft:jump":4461,"minecraft:interact_with_brewingstand":1,"minecraft:interact_with_blast_furnace":26,"minecraft:walk_on_water_one_cm":38747,"minecraft:enchant_item":7,"minecraft:total_world_time":412637,"minecraft:interact_with_furnace":32,"minecraft:sleep_in_bed":3,"minecraft:time_since_rest":338782,"minecraft:damage_taken":4387,"minecraft:trigger_trapped_chest":1,"minecraft:damage_dealt":13958,"minecraft:swim_one_cm":52560,"minecraft:player_kills":1,"minecraft:fly_one_cm":334449,"minecraft:open_chest":102,"minecraft:crouch_one_cm":84856,"minecraft:interact_with_smoker":5,"minecraft:fall_one_cm":79078}},"DataVersion":3465}