{"stats":{"minecraft:picked_up":{"minecraft:charcoal":1,"minecraft:crafting_table":2,"minecraft:feather":2,"minecraft:cooked_beef":3,"minecraft:lilac":1,"minecraft:chicken":2,"minecraft:dirt":3,"botania:black_mystical_flower":1,"minecraft:oak_boat":1,"minecraft:light_gray_wool":1,"minecraft:iron_pickaxe":1,"minecraft:sugar_cane":2,"minecraft:furnace":6,"iceandfire:pixie_dust":5,"minecraft:pumpkin":2,"minecraft:torch":1,"iceandfire:pixie_house_mushroom_brown":1,"sophisticatedbackpacks:backpack":1,"minecraft:porkchop":21,"minecraft:blast_furnace":2,"minecraft:white_bed":1,"minecraft:spruce_log":7,"regions_unexplored:cattail":1,"minecraft:stone_sword":1,"minecraft:arrow":2,"minecraft:rotten_flesh":8,"regions_unexplored:clover":16,"minecraft:mutton":5,"minecraft:white_wool":4,"minecraft:coal":41,"minecraft:skeleton_skull":1,"iceandfire:raw_silver":10,"minecraft:cobblestone":12},"minecraft:used":{"minecraft:shield":4,"iceandfire:pixie_house_mushroom_brown":1,"minecraft:iron_sword":71,"minecraft:white_wool":1,"minecraft:dirt":3,"iceandfire:pixie_dust":1,"minecraft:crafting_table":2,"regions_unexplored:clover":16,"minecraft:white_bed":1,"minecraft:apple":1,"minecraft:bread":4,"minecraft:iron_pickaxe":68,"minecraft:light_gray_wool":1,"minecraft:furnace":3,"minecraft:cooked_porkchop":7,"minecraft:cooked_beef":3},"minecraft:dropped":{"minecraft:iron_sword":1,"minecraft:stone_sword":1,"minecraft:iron_chestplate":1},"minecraft:crafted":{"minecraft:cooked_beef":3,"minecraft:cooked_porkchop":10,"minecraft:crafting_table":1,"minecraft:spruce_planks":28,"minecraft:cooked_chicken":2,"minecraft:cooked_mutton":2,"minecraft:air":0,"minecraft:iron_chestplate":1,"minecraft:shield":1,"minecraft:white_bed":1},"minecraft:killed":{"minecraft:pig":8,"minecraft:sheep":4,"minecraft:skeleton":3,"minecraft:zombie":1,"minecraft:chicken":2},"minecraft:mined":{"minecraft:white_bed":1,"iceandfire:silver_ore":10,"minecraft:crafting_table":2,"regions_unexplored:cattail":1,"iceandfire:pixie_house_mushroom_brown":1,"minecraft:grass_block":3,"minecraft:spruce_leaves":2,"minecraft:sugar_cane":1,"botania:black_mystical_flower":1,"minecraft:skeleton_skull":1,"regions_unexplored:stone_bud":2,"minecraft:furnace":6,"minecraft:lilac":1,"minecraft:spruce_log":6,"minecraft:grass":1,"minecraft:coal_ore":36,"regions_unexplored:clover":8,"regions_unexplored:medium_grass":4,"minecraft:stone":12,"minecraft:white_wool":1},"minecraft:custom":{"minecraft:interact_with_furnace":25,"minecraft:mob_kills":19,"minecraft:interact_with_crafting_table":6,"minecraft:time_since_death":56135,"minecraft:sleep_in_bed":1,"minecraft:climb_one_cm":981,"minecraft:time_since_rest":10652,"minecraft:sprint_one_cm":204583,"minecraft:damage_taken":904,"minecraft:walk_one_cm":147933,"minecraft:damage_blocked_by_shield":270,"minecraft:drop":3,"minecraft:damage_dealt":2359,"minecraft:swim_one_cm":31932,"minecraft:fly_one_cm":98175,"minecraft:open_chest":5,"minecraft:crouch_one_cm":840,"minecraft:play_time":56135,"minecraft:sneak_time":197,"minecraft:walk_under_water_one_cm":8987,"minecraft:boat_one_cm":223928,"minecraft:jump":708,"minecraft:walk_on_water_one_cm":15213,"minecraft:total_world_time":56135,"minecraft:fall_one_cm":13020}},"DataVersion":3465}