{"stats":{"minecraft:used":{"minecraft:iron_shovel":250,"minecraft:bone_block":7,"minecraft:chest":5,"minecraft:shield":167,"minecraft:iron_sword":165,"minecraft:rotten_flesh":19,"minecraft:soul_sand":40,"minecraft:nether_bricks":23,"minecraft:carrot":14,"mekanism:basic_universal_cable":35,"regions_unexplored:silver_birch_sapling":4,"minecraft:tuff":3,"mekanism:basic_energy_cube":8,"minecraft:glass":4,"regions_unexplored:orange_maple_sapling":2,"mekanismgenerators:wind_generator":2,"minecraft:iron_helmet":1,"mekanism:basic_tier_installer":4,"minecraft:stone_bricks":1,"minecraft:oak_sapling":1,"minecraft:furnace":6,"minecraft:egg":4,"minecraft:chiseled_polished_blackstone":1,"minecraft:diorite":3,"minecraft:stone_pickaxe":240,"minecraft:wooden_pickaxe":58,"mekanism:electric_bow":103,"minecraft:white_wool":1,"minecraft:glow_berries":1,"minecraft:sand":2,"minecraft:blast_furnace":1,"minecraft:shears":159,"mekanism:crusher":1,"mekanism:upgrade_speed":5,"minecraft:bread":151,"mekanism:metallurgic_infuser":1,"minecraft:golden_helmet":1,"mekanismgenerators:advanced_solar_generator":1,"mekanism:basic_smelting_factory":1,"minecraft:oak_boat":1,"regions_unexplored:red_maple_sapling":20,"minecraft:experience_bottle":1,"mekanism:advanced_tier_installer":2,"mekanism:enrichment_chamber":1,"minecraft:enchanting_table":3,"minecraft:stone_sword":23,"minecraft:flint_and_steel":3,"minecraft:dried_kelp":1,"minecraft:cooked_chicken":5,"minecraft:stone_hoe":36,"minecraft:netherrack":162,"minecraft:dirt":83,"minecraft:torch":313,"mekanism:chargepad":1,"mekanism:osmium_compressor":1,"minecraft:iron_hoe":1,"minecraft:wooden_axe":14,"minecraft:bookshelf":10,"twilightforest:twisted_stone":1,"minecraft:iron_axe":409,"mekanismgenerators:heat_generator":2,"mekanism:fuelwood_heater":3,"minecraft:beef":3,"minecraft:goat_horn":11,"minecraft:cooked_beef":18,"minecraft:cobbled_deepslate":22,"minecraft:light_gray_bed":1,"minecraft:cooked_mutton":5,"minecraft:water_bucket":3,"minecraft:birch_planks":47,"mekanismgenerators:bio_generator":1,"regions_unexplored:brimsprout":4,"minecraft:crafting_table":22,"mekanism:atomic_disassembler":2759,"minecraft:diamond_pickaxe":395,"minecraft:apple":18,"minecraft:iron_pickaxe":1725,"minecraft:stone_axe":186,"minecraft:purple_bed":3,"minecraft:porkchop":2,"minecraft:cobblestone":167,"minecraft:bucket":37,"minecraft:cooked_porkchop":7,"minecraft:yellow_bed":1},"minecraft:mined":{"mekanismgenerators:wind_generator":1,"minecraft:spruce_planks":3,"regions_unexplored:brimsprout":10,"regions_unexplored:maple_log":183,"botania:red_mystical_flower":1,"minecraft:red_nether_bricks":5,"regions_unexplored:brimwood_leaves":6,"minecraft:obsidian":30,"minecraft:carved_pumpkin":15,"twilightforest:twisted_stone":1,"minecraft:granite":62,"minecraft:grass_block":86,"minecraft:cracked_polished_blackstone_bricks":9,"minecraft:light_gray_bed":1,"minecraft:soul_soil":5,"botania:light_gray_mystical_flower":2,"minecraft:spawner":1,"minecraft:polished_blackstone_bricks":54,"minecraft:glowstone":10,"minecraft:iron_ore":69,"minecraft:cobbled_deepslate":5,"minecraft:fire":2,"minecraft:pumpkin":14,"minecraft:deepslate_lapis_ore":36,"minecraft:nether_brick_stairs":1,"minecraft:enchanting_table":2,"iceandfire:gold_pile":7,"minecraft:dead_tube_coral":3,"regions_unexplored:dorcel":1,"minecraft:stripped_mangrove_wood":2,"create:veridium":3,"create:limestone":2,"botania:green_mystical_flower":5,"minecraft:deepslate_redstone_ore":69,"mekanism:osmium_ore":44,"minecraft:blackstone":15,"mekanism:block_salt":10,"minecraft:torch":5,"regions_unexplored:mycotoxic_daisy":2,"minecraft:blast_furnace":1,"minecraft:calcite":22,"iceandfire:ghost_chest":1,"minecraft:chest":2,"mekanism:tin_ore":42,"minecraft:mushroom_stem":10,"minecraft:nether_quartz_ore":120,"regions_unexplored:cobalt_roots":1,"minecraft:cobblestone":36,"botania:blue_mystical_flower":4,"minecraft:damaged_anvil":1,"minecraft:oak_planks":13,"minecraft:sugar_cane":27,"minecraft:wall_torch":5,"regions_unexplored:pine_log":28,"mekanism:fuelwood_heater":2,"regions_unexplored:sandy_tall_grass":2,"mekanism:fluorite_ore":3,"minecraft:grass":221,"mekanism:deepslate_tin_ore":85,"minecraft:oak_log":65,"mekanism:lead_ore":27,"minecraft:sand":67,"minecraft:dirt":168,"minecraft:smooth_basalt":3,"mekanism:basic_universal_cable":4,"minecraft:red_mushroom_block":45,"minecraft:ancient_debris":3,"minecraft:netherrack":1210,"regions_unexplored:glistering_nylium":9,"minecraft:oak_leaves":7,"minecraft:deepslate":199,"minecraft:nether_gold_ore":30,"minecraft:tuff":11,"iceandfire:silver_ore":10,"minecraft:deepslate_diamond_ore":10,"minecraft:nether_bricks":139,"mekanism:deepslate_osmium_ore":86,"mekanismgenerators:heat_generator":1,"minecraft:glow_lichen":1,"minecraft:dark_oak_fence":2,"iceandfire:deepslate_silver_ore":1,"minecraft:spruce_leaves":1,"minecraft:cracked_nether_bricks":3,"minecraft:hay_block":33,"minecraft:furnace":4,"minecraft:andesite":132,"regions_unexplored:larch_leaves":1,"minecraft:gold_block":12,"minecraft:polished_deepslate":2,"graveyard:sarcophagus":1,"minecraft:bookshelf":6,"minecraft:shroomlight":2,"minecraft:deepslate_iron_ore":134,"minecraft:vine":1,"regions_unexplored:medium_grass":6,"regions_unexplored:orange_maple_leaf_pile":2,"minecraft:stone":1526,"minecraft:bone_block":6,"regions_unexplored:brimsprout_nylium":3,"minecraft:smithing_table":1,"mekanism:deepslate_lead_ore":26,"botania:lime_mystical_flower":2,"minecraft:soul_sand":72,"minecraft:snow_block":1,"regions_unexplored:mycotoxic_moss":2,"mekanism:basic_energy_cube":5,"minecraft:basalt":113,"minecraft:crafting_table":18,"minecraft:copper_ore":4,"minecraft:tall_grass":20,"regions_unexplored:mauve_log":6,"minecraft:lapis_ore":1,"minecraft:deepslate_gold_ore":52,"minecraft:diorite":4,"regions_unexplored:yellow_bioshroom_planks":1,"minecraft:purple_bed":3,"minecraft:birch_planks":2,"regions_unexplored:red_maple_leaf_pile":1,"minecraft:yellow_bed":1,"botania:yellow_mystical_flower":1,"minecraft:coal_ore":262,"regions_unexplored:silver_birch_log":44,"mekanism:deepslate_fluorite_ore":33,"minecraft:gravel":53,"minecraft:cobweb":2,"botania:gray_mystical_flower":1,"mekanism:deepslate_uranium_ore":44,"minecraft:cracked_stone_bricks":2,"regions_unexplored:glistering_wart":1,"minecraft:gold_ore":4,"regions_unexplored:larch_shrub":4},"minecraft:custom":{"minecraft:interact_with_crafting_table":139,"minecraft:leave_game":7,"minecraft:time_since_death":478285,"minecraft:sprint_one_cm":1587801,"minecraft:damage_blocked_by_shield":7638,"minecraft:drop":235,"minecraft:talked_to_villager":3,"minecraft:play_time":698426,"minecraft:deaths":12,"minecraft:jump":7313,"minecraft:interact_with_brewingstand":2,"minecraft:walk_on_water_one_cm":64839,"minecraft:enchant_item":1,"minecraft:interact_with_furnace":65,"minecraft:sleep_in_bed":8,"minecraft:damage_dealt":23433,"minecraft:crouch_one_cm":53053,"minecraft:interact_with_smoker":28,"minecraft:interact_with_smithing_table":2,"minecraft:mob_kills":157,"minecraft:interact_with_campfire":12,"minecraft:climb_one_cm":3942,"minecraft:walk_one_cm":1789181,"minecraft:sneak_time":15941,"minecraft:walk_under_water_one_cm":53245,"minecraft:boat_one_cm":385067,"minecraft:interact_with_blast_furnace":75,"minecraft:total_world_time":698426,"minecraft:time_since_rest":29290,"minecraft:damage_taken":2147483647,"minecraft:trigger_trapped_chest":3,"minecraft:swim_one_cm":178808,"minecraft:fly_one_cm":1209761,"minecraft:open_chest":319,"minecraft:fall_one_cm":265319},"minecraft:broken":{"minecraft:golden_helmet":1,"minecraft:iron_shovel":1,"minecraft:stone_pickaxe":1,"minecraft:stone_axe":1,"minecraft:shield":3,"minecraft:iron_axe":1,"minecraft:iron_pickaxe":5,"minecraft:iron_helmet":1},"minecraft:dropped":{"minecraft:iron_sword":1,"regions_unexplored:willow_shrub":1,"minecraft:lapis_lazuli":5,"minecraft:cooked_beef":8,"minecraft:oak_log":4,"minecraft:crossbow":1,"minecraft:netherite_upgrade_smithing_template":1,"mekanism:atomic_disassembler":1,"minecraft:leather":23,"iceandfire:ectoplasm":1,"minecraft:cracked_stone_bricks":2,"twilightforest:twisted_stone":1,"minecraft:flint":2,"minecraft:dirt":43,"minecraft:cracked_polished_blackstone_bricks":3,"minecraft:dark_oak_log":4,"minecraft:snout_armor_trim_smithing_template":1,"minecraft:iron_pickaxe":2,"regions_unexplored:mauve_sapling":4,"minecraft:bone":17,"minecraft:gravel":18,"minecraft:blackstone":9,"minecraft:iron_nugget":3,"minecraft:cooked_chicken":3,"minecraft:cobbled_deepslate":209,"mekanism:free_runners":2,"minecraft:rotten_flesh":65,"minecraft:oak_planks":31,"regions_unexplored:maple_sapling":28,"iceandfire:ghost_chest":1,"minecraft:gunpowder":3,"minecraft:chest":1,"minecraft:leather_boots":1,"create:limestone":2,"minecraft:chainmail_boots":1,"minecraft:basalt":106,"minecraft:arrow":18,"minecraft:stone_brick_stairs":2,"minecraft:quartz":3,"minecraft:netherrack":655,"mekanism:fluorite_gem":1,"minecraft:stone_hoe":1,"minecraft:iron_ingot":6,"minecraft:bread":111,"regions_unexplored:magnolia_planks":7,"minecraft:wheat_seeds":2,"minecraft:iron_helmet":1,"minecraft:feather":8,"minecraft:cobblestone":818,"regions_unexplored:silver_birch_sapling":10,"minecraft:apple":3,"minecraft:granite":40,"minecraft:copper_ingot":1,"regions_unexplored:pine_sapling":5,"minecraft:coal":56,"minecraft:stick":1,"regions_unexplored:red_maple_sapling":50,"create:blaze_burner":1,"minecraft:diorite":1,"regions_unexplored:orange_maple_sapling":20,"minecraft:torch":6,"minecraft:wooden_axe":1,"regions_unexplored:mycotoxic_daisy":2,"minecraft:iron_leggings":1,"minecraft:pumpkin":1,"minecraft:wither_rose":2,"minecraft:white_banner":1,"minecraft:iron_axe":1,"minecraft:iron_shovel":1,"minecraft:string":12,"minecraft:smooth_basalt":3,"naturalist:duck_egg":1,"regions_unexplored:pine_log":24,"minecraft:netherite_ingot":1,"minecraft:stone_sword":2,"minecraft:tuff":12,"minecraft:raw_iron":3,"minecraft:stone_shovel":2,"minecraft:iron_boots":2,"minecraft:iron_hoe":1,"sophisticatedbackpacks:backpack":1,"regions_unexplored:mauve_log":6,"create:copper_sheet":2,"minecraft:filled_map":2,"minecraft:diamond_sword":1,"minecraft:potato":2,"minecraft:shield":1,"create:veridium":3,"regions_unexplored:maple_leaf_pile":2,"minecraft:spruce_planks":1,"minecraft:diamond_pickaxe":1,"minecraft:iron_chestplate":1,"minecraft:andesite":146,"minecraft:yellow_bed":1,"minecraft:oak_sapling":26,"minecraft:spider_eye":1,"minecraft:spruce_log":4,"minecraft:stone_pickaxe":1,"minecraft:wooden_pickaxe":4,"minecraft:calcite":8,"botania:lime_mystical_flower":2,"create:andesite_funnel":1,"regions_unexplored:cobalt_roots":1},"minecraft:crafted":{"mekanism:free_runners":3,"minecraft:oak_planks":128,"mekanismgenerators:solar_generator":4,"mekanism:ingot_osmium":56,"minecraft:cooked_chicken":11,"mekanism:atomic_disassembler":2,"mekanismgenerators:heat_generator":1,"minecraft:bookshelf":10,"minecraft:cooked_mutton":5,"mekanism:basic_tier_installer":4,"minecraft:glass":61,"minecraft:iron_boots":1,"minecraft:chest":4,"mekanism:ingot_steel":51,"minecraft:stone_hoe":1,"mekanism:energy_tablet":22,"minecraft:cooked_porkchop":10,"minecraft:crafting_table":5,"minecraft:wooden_pickaxe":2,"minecraft:birch_planks":100,"mekanism:electric_bow":1,"minecraft:golden_leggings":1,"minecraft:iron_chestplate":1,"minecraft:book":15,"minecraft:paper":45,"minecraft:diamond_pickaxe":1,"minecraft:charcoal":21,"mekanism:steel_casing":8,"minecraft:shield":5,"minecraft:stick":100,"mekanism:crusher":1,"minecraft:iron_ingot":213,"minecraft:iron_pickaxe":8,"minecraft:stone_sword":2,"minecraft:gold_ingot":73,"mekanism:osmium_compressor":1,"minecraft:netherite_ingot":1,"minecraft:shears":1,"mekanism:basic_universal_cable":32,"minecraft:redstone":162,"mekanismgenerators:wind_generator":1,"minecraft:furnace":9,"mekanism:energized_smelter":1,"minecraft:polished_blackstone_pressure_plate":3,"mekanism:advanced_tier_installer":2,"mekanism:basic_smelting_factory":1,"mekanism:ingot_uranium":33,"minecraft:glass_pane":48,"minecraft:flint_and_steel":1,"mekanism:chargepad":1,"mekanismgenerators:bio_generator":1,"minecraft:iron_axe":3,"minecraft:iron_hoe":1,"minecraft:stone_pickaxe":3,"mekanismgenerators:advanced_solar_generator":1,"minecraft:dark_oak_planks":8,"minecraft:golden_helmet":1,"minecraft:wheat":297,"minecraft:cooked_beef":19,"minecraft:sugar":16,"mekanism:metallurgic_infuser":1,"minecraft:enchanting_table":1,"botania:lexicon":1,"minecraft:bucket":7,"minecraft:stone_axe":3,"minecraft:air":0,"minecraft:bread":99,"mekanism:upgrade_speed":10,"minecraft:oak_boat":1,"regions_unexplored:pine_planks":12,"mekanism:basic_energy_cube":3,"mekanism:enrichment_chamber":1,"mekanism:fuelwood_heater":1,"mekanism:advanced_control_circuit":8,"minecraft:torch":300,"mekanismgenerators:solar_panel":12},"minecraft:killed_by":{"iceandfire:gorgon":1},"minecraft:picked_up":{"minecraft:wooden_axe":3,"minecraft:iron_chestplate":2,"minecraft:wheat":16,"minecraft:chainmail_boots":1,"mekanism:raw_uranium":60,"minecraft:smithing_table":5,"regions_unexplored:brimsprout":4,"regions_unexplored:glistering_sprout":1,"minecraft:wither_rose":2,"minecraft:stone_brick_stairs":2,"minecraft:polished_deepslate":2,"mekanismgenerators:heat_generator":1,"minecraft:string":19,"minecraft:raw_copper":11,"create:limestone":2,"minecraft:iron_leggings":5,"minecraft:red_nether_bricks":2,"graveyard:sarcophagus":1,"minecraft:shroomlight":2,"create:andesite_funnel":1,"minecraft:cobbled_deepslate":277,"regions_unexplored:pine_log":100,"minecraft:gold_nugget":499,"mekanism:basic_universal_cable":4,"minecraft:spruce_planks":13,"minecraft:calcite":32,"minecraft:netherite_upgrade_smithing_template":1,"minecraft:iron_pickaxe":8,"minecraft:iron_boots":3,"minecraft:furnace":7,"minecraft:stick":172,"iceandfire:ghost_chest":2,"regions_unexplored:yellow_bioshroom_planks":2,"minecraft:torch":226,"botania:yellow_mystical_flower":1,"minecraft:porkchop":6,"minecraft:diorite":4,"mekanism:raw_tin":245,"minecraft:goat_horn":4,"minecraft:stone_sword":2,"minecraft:rotten_flesh":37,"minecraft:light_gray_bed":1,"botania:light_gray_mystical_flower":1,"regions_unexplored:mauve_log":12,"minecraft:carved_pumpkin":15,"create:veridium":3,"minecraft:blaze_rod":3,"minecraft:obsidian":24,"minecraft:cobblestone":1983,"minecraft:enchanting_table":2,"minecraft:feather":13,"minecraft:cooked_beef":83,"minecraft:andesite":147,"minecraft:potato":56,"minecraft:flint":21,"minecraft:tuff":15,"minecraft:lapis_lazuli":371,"minecraft:dirt":286,"regions_unexplored:cobalt_roots":1,"minecraft:leather_boots":1,"minecraft:glass":7,"minecraft:bone":55,"minecraft:wheat_seeds":9,"regions_unexplored:magnolia_planks":7,"minecraft:raw_gold":63,"regions_unexplored:larch_shrub":3,"minecraft:glowstone_dust":27,"botania:gray_mystical_flower":2,"minecraft:stone_hoe":4,"minecraft:oak_planks":262,"botania:red_mystical_flower":1,"regions_unexplored:mycotoxic_mushrooms":4,"regions_unexplored:pine_sapling":5,"minecraft:sand":73,"naturalist:duck_egg":2,"minecraft:spectral_arrow":47,"minecraft:dark_oak_log":6,"minecraft:snout_armor_trim_smithing_template":1,"minecraft:diamond":18,"regions_unexplored:willow_shrub":1,"minecraft:cracked_polished_blackstone_bricks":8,"minecraft:crossbow":3,"minecraft:granite":40,"minecraft:grass":168,"minecraft:bread":410,"minecraft:oak_sapling":35,"minecraft:netherrack":895,"minecraft:dark_oak_fence":2,"iceandfire:raw_silver":54,"create:copper_sheet":2,"minecraft:charcoal":4,"minecraft:crafting_table":33,"regions_unexplored:mycotoxic_grass":1,"minecraft:chicken":4,"iceandfire:witherbone":6,"minecraft:nether_wart":6,"minecraft:wooden_pickaxe":4,"regions_unexplored:mycotoxic_daisy":2,"minecraft:gold_block":12,"minecraft:shield":5,"minecraft:iron_axe":1,"minecraft:iron_shovel":2,"regions_unexplored:orange_maple_sapling":22,"minecraft:blackstone":16,"minecraft:blue_orchid":3,"minecraft:cracked_stone_bricks":2,"minecraft:beef":62,"regions_unexplored:maple_leaf_pile":2,"minecraft:iron_nugget":3,"minecraft:sugar_cane":57,"minecraft:chest":2,"minecraft:birch_sapling":4,"minecraft:egg":6,"minecraft:raw_iron":215,"minecraft:stripped_mangrove_wood":2,"twilightforest:twisted_stone":2,"mekanism:fuelwood_heater":2,"minecraft:copper_ingot":3,"sophisticatedbackpacks:backpack":3,"minecraft:polished_blackstone_bricks":53,"mekanism:basic_energy_cube":5,"minecraft:redstone":330,"minecraft:dark_oak_planks":4,"mekanismtools:osmium_helmet":1,"minecraft:arrow":56,"minecraft:stone_shovel":2,"regions_unexplored:mauve_sapling":4,"botania:lime_mystical_flower":10,"regions_unexplored:maple_sapling":28,"minecraft:nether_bricks":128,"minecraft:hay_block":33,"botania:blue_mystical_flower":4,"minecraft:gold_ingot":1,"botania:green_mystical_flower":5,"minecraft:glow_berries":1,"minecraft:mutton":7,"minecraft:bone_block":4,"minecraft:white_wool":1,"minecraft:air":0,"minecraft:basalt":106,"mekanism:raw_lead":84,"minecraft:salmon":4,"minecraft:leather":120,"minecraft:red_mushroom":17,"minecraft:filled_map":3,"minecraft:birch_planks":41,"minecraft:ancient_debris":3,"minecraft:oak_log":138,"regions_unexplored:red_maple_sapling":70,"iceandfire:ectoplasm":1,"minecraft:yellow_bed":3,"minecraft:gunpowder":18,"create:blaze_burner":1,"minecraft:white_banner":1,"naturalist:bass":3,"mekanism:salt":40,"minecraft:apple":12,"minecraft:stone_bricks":2,"minecraft:cooked_chicken":4,"minecraft:iron_ingot":158,"minecraft:stone_pickaxe":5,"minecraft:cobweb":7,"minecraft:iron_sword":3,"minecraft:soul_sand":41,"regions_unexplored:silver_birch_sapling":14,"minecraft:book":18,"minecraft:smooth_basalt":3,"minecraft:pumpkin":15,"minecraft:quartz":114,"minecraft:gravel":111,"minecraft:blast_furnace":1,"minecraft:spruce_log":4,"mekanism:raw_osmium":263,"minecraft:spider_eye":1,"mekanismgenerators:wind_generator":1,"minecraft:purple_bed":4,"minecraft:slime_ball":4,"minecraft:stone_axe":4,"regions_unexplored:silver_birch_log":44,"minecraft:iron_helmet":2,"mekanism:fluorite_gem":162,"regions_unexplored:maple_log":178,"minecraft:damaged_anvil":1,"minecraft:coal":1416},"minecraft:killed":{"minecraft:spider":5,"naturalist:snail":6,"minecraft:skeleton":28,"minecraft:chicken":5,"minecraft:piglin_brute":6,"minecraft:magma_cube":11,"minecraft:piglin":3,"minecraft:pig":2,"minecraft:creeper":3,"minecraft:sheep":2,"minecraft:pillager":3,"minecraft:goat":1,"minecraft:zombie":29,"minecraft:ghast":1,"minecraft:blaze":3,"minecraft:cow":20,"minecraft:drowned":2,"minecraft:hoglin":3,"naturalist:finch":1,"iceandfire:ghost":6,"minecraft:wither_skeleton":13}},"DataVersion":3465}