{"stats":{"minecraft:picked_up":{"minecraft:wooden_axe":3,"minecraft:iron_chestplate":2,"minecraft:wheat":16,"minecraft:chainmail_boots":1,"mekanism:raw_uranium":58,"minecraft:smithing_table":5,"minecraft:wither_rose":2,"minecraft:stone_brick_stairs":2,"minecraft:polished_deepslate":2,"minecraft:string":19,"mekanismgenerators:heat_generator":1,"minecraft:raw_copper":11,"create:limestone":2,"minecraft:iron_leggings":5,"minecraft:red_nether_bricks":2,"graveyard:sarcophagus":1,"minecraft:shroomlight":2,"create:andesite_funnel":1,"minecraft:cobbled_deepslate":250,"regions_unexplored:pine_log":72,"minecraft:gold_nugget":459,"mekanism:basic_universal_cable":3,"minecraft:spruce_planks":13,"minecraft:netherite_upgrade_smithing_template":1,"minecraft:calcite":30,"minecraft:iron_pickaxe":8,"minecraft:furnace":7,"minecraft:iron_boots":3,"regions_unexplored:yellow_bioshroom_planks":2,"minecraft:stick":170,"iceandfire:ghost_chest":2,"minecraft:torch":220,"botania:yellow_mystical_flower":1,"minecraft:porkchop":6,"minecraft:diorite":4,"mekanism:raw_tin":240,"minecraft:goat_horn":4,"minecraft:stone_sword":2,"minecraft:rotten_flesh":34,"minecraft:light_gray_bed":1,"botania:light_gray_mystical_flower":1,"regions_unexplored:mauve_log":12,"minecraft:carved_pumpkin":15,"create:veridium":3,"minecraft:obsidian":24,"minecraft:cobblestone":1609,"minecraft:enchanting_table":2,"minecraft:feather":8,"minecraft:cooked_beef":83,"minecraft:andesite":50,"minecraft:potato":56,"minecraft:flint":18,"minecraft:tuff":11,"minecraft:lapis_lazuli":341,"minecraft:dirt":248,"regions_unexplored:cobalt_roots":1,"minecraft:leather_boots":1,"minecraft:glass":7,"minecraft:bone":42,"minecraft:wheat_seeds":9,"regions_unexplored:magnolia_planks":7,"minecraft:raw_gold":59,"minecraft:glowstone_dust":27,"regions_unexplored:larch_shrub":3,"botania:gray_mystical_flower":2,"minecraft:stone_hoe":4,"minecraft:oak_planks":262,"botania:red_mystical_flower":1,"regions_unexplored:pine_sapling":1,"minecraft:sand":31,"minecraft:spectral_arrow":47,"minecraft:dark_oak_log":6,"minecraft:diamond":18,"regions_unexplored:willow_shrub":1,"minecraft:cracked_polished_blackstone_bricks":8,"minecraft:crossbow":3,"minecraft:granite":40,"minecraft:grass":168,"minecraft:bread":383,"minecraft:oak_sapling":35,"minecraft:netherrack":468,"minecraft:dark_oak_fence":2,"iceandfire:raw_silver":54,"minecraft:charcoal":4,"minecraft:crafting_table":32,"iceandfire:witherbone":3,"minecraft:wooden_pickaxe":4,"regions_unexplored:mycotoxic_daisy":2,"minecraft:gold_block":12,"minecraft:shield":5,"minecraft:iron_axe":1,"minecraft:blackstone":8,"minecraft:iron_shovel":2,"regions_unexplored:orange_maple_sapling":22,"minecraft:blue_orchid":3,"minecraft:cracked_stone_bricks":2,"minecraft:beef":59,"regions_unexplored:maple_leaf_pile":2,"minecraft:iron_nugget":3,"minecraft:sugar_cane":30,"minecraft:chest":1,"minecraft:birch_sapling":4,"minecraft:egg":3,"minecraft:raw_iron":202,"minecraft:stripped_mangrove_wood":2,"twilightforest:twisted_stone":2,"mekanism:fuelwood_heater":2,"minecraft:copper_ingot":3,"sophisticatedbackpacks:backpack":3,"minecraft:polished_blackstone_bricks":53,"mekanism:basic_energy_cube":4,"minecraft:redstone":294,"minecraft:dark_oak_planks":4,"mekanismtools:osmium_helmet":1,"minecraft:stone_shovel":2,"minecraft:arrow":49,"regions_unexplored:mauve_sapling":4,"botania:lime_mystical_flower":10,"regions_unexplored:maple_sapling":28,"minecraft:hay_block":33,"botania:blue_mystical_flower":2,"minecraft:gold_ingot":1,"minecraft:glow_berries":1,"botania:green_mystical_flower":5,"minecraft:mutton":7,"minecraft:bone_block":4,"minecraft:white_wool":1,"minecraft:air":0,"minecraft:basalt":3,"mekanism:raw_lead":84,"minecraft:leather":118,"minecraft:red_mushroom":17,"minecraft:filled_map":3,"minecraft:birch_planks":41,"minecraft:ancient_debris":2,"minecraft:oak_log":138,"regions_unexplored:red_maple_sapling":70,"iceandfire:ectoplasm":1,"minecraft:yellow_bed":3,"minecraft:gunpowder":16,"minecraft:apple":12,"minecraft:stone_bricks":2,"minecraft:iron_ingot":140,"minecraft:stone_pickaxe":5,"minecraft:cobweb":7,"minecraft:soul_sand":41,"minecraft:iron_sword":3,"regions_unexplored:silver_birch_sapling":14,"minecraft:book":18,"minecraft:smooth_basalt":3,"minecraft:pumpkin":15,"minecraft:quartz":63,"minecraft:gravel":104,"minecraft:blast_furnace":1,"minecraft:spruce_log":4,"mekanism:raw_osmium":240,"minecraft:spider_eye":1,"mekanismgenerators:wind_generator":1,"minecraft:purple_bed":4,"minecraft:slime_ball":2,"minecraft:stone_axe":4,"regions_unexplored:silver_birch_log":44,"minecraft:iron_helmet":2,"mekanism:fluorite_gem":162,"regions_unexplored:maple_log":178,"minecraft:damaged_anvil":1,"minecraft:coal":1402},"minecraft:used":{"minecraft:iron_shovel":207,"minecraft:bone_block":7,"minecraft:chest":5,"minecraft:shield":148,"minecraft:iron_sword":157,"minecraft:soul_sand":40,"minecraft:carrot":14,"mekanism:basic_universal_cable":27,"regions_unexplored:silver_birch_sapling":4,"minecraft:tuff":3,"mekanism:basic_energy_cube":7,"regions_unexplored:orange_maple_sapling":2,"mekanismgenerators:wind_generator":2,"minecraft:iron_helmet":1,"mekanism:basic_tier_installer":4,"minecraft:stone_bricks":1,"minecraft:oak_sapling":1,"minecraft:furnace":6,"minecraft:egg":3,"minecraft:diorite":3,"minecraft:stone_pickaxe":240,"minecraft:wooden_pickaxe":58,"mekanism:electric_bow":91,"minecraft:glow_berries":1,"minecraft:white_wool":1,"minecraft:sand":2,"minecraft:blast_furnace":1,"minecraft:shears":159,"mekanism:crusher":1,"mekanism:upgrade_speed":5,"minecraft:bread":127,"mekanism:metallurgic_infuser":1,"minecraft:golden_helmet":1,"minecraft:oak_boat":1,"mekanism:basic_smelting_factory":1,"regions_unexplored:red_maple_sapling":20,"minecraft:experience_bottle":1,"mekanism:advanced_tier_installer":1,"mekanism:enrichment_chamber":1,"minecraft:enchanting_table":3,"minecraft:stone_sword":23,"minecraft:flint_and_steel":1,"minecraft:stone_hoe":36,"minecraft:netherrack":82,"minecraft:dirt":64,"minecraft:torch":305,"mekanism:osmium_compressor":1,"minecraft:iron_hoe":1,"minecraft:wooden_axe":14,"minecraft:bookshelf":10,"twilightforest:twisted_stone":1,"minecraft:iron_axe":409,"mekanismgenerators:heat_generator":2,"mekanism:fuelwood_heater":3,"minecraft:goat_horn":11,"minecraft:cooked_beef":18,"minecraft:cobbled_deepslate":18,"minecraft:light_gray_bed":1,"minecraft:cooked_mutton":5,"minecraft:water_bucket":3,"minecraft:birch_planks":44,"mekanismgenerators:bio_generator":1,"minecraft:crafting_table":20,"mekanism:atomic_disassembler":1322,"minecraft:diamond_pickaxe":395,"minecraft:apple":15,"minecraft:iron_pickaxe":1709,"minecraft:stone_axe":186,"minecraft:purple_bed":3,"minecraft:cobblestone":150,"minecraft:porkchop":2,"minecraft:bucket":37,"minecraft:cooked_porkchop":2,"minecraft:yellow_bed":1},"minecraft:killed_by":{"iceandfire:gorgon":1},"minecraft:dropped":{"minecraft:iron_sword":1,"regions_unexplored:willow_shrub":1,"minecraft:lapis_lazuli":5,"minecraft:cooked_beef":8,"minecraft:oak_log":4,"minecraft:netherite_upgrade_smithing_template":1,"minecraft:crossbow":1,"minecraft:leather":23,"iceandfire:ectoplasm":1,"minecraft:cracked_stone_bricks":2,"twilightforest:twisted_stone":1,"minecraft:flint":1,"minecraft:cracked_polished_blackstone_bricks":3,"minecraft:dirt":25,"minecraft:dark_oak_log":4,"minecraft:iron_pickaxe":2,"regions_unexplored:mauve_sapling":4,"minecraft:bone":17,"minecraft:gravel":11,"minecraft:blackstone":1,"minecraft:iron_nugget":3,"minecraft:cobbled_deepslate":186,"mekanism:free_runners":2,"minecraft:rotten_flesh":18,"minecraft:oak_planks":31,"regions_unexplored:maple_sapling":28,"iceandfire:ghost_chest":1,"minecraft:gunpowder":1,"minecraft:leather_boots":1,"create:limestone":2,"minecraft:chainmail_boots":1,"minecraft:basalt":3,"minecraft:arrow":18,"minecraft:quartz":3,"minecraft:stone_brick_stairs":2,"minecraft:netherrack":386,"mekanism:fluorite_gem":1,"minecraft:stone_hoe":1,"minecraft:iron_ingot":6,"minecraft:bread":107,"regions_unexplored:magnolia_planks":7,"minecraft:wheat_seeds":2,"minecraft:iron_helmet":1,"minecraft:feather":8,"minecraft:cobblestone":535,"regions_unexplored:silver_birch_sapling":10,"minecraft:apple":1,"minecraft:granite":40,"minecraft:copper_ingot":1,"regions_unexplored:pine_sapling":1,"minecraft:coal":56,"minecraft:stick":1,"regions_unexplored:red_maple_sapling":50,"minecraft:diorite":1,"regions_unexplored:orange_maple_sapling":20,"minecraft:torch":5,"minecraft:wooden_axe":1,"regions_unexplored:mycotoxic_daisy":2,"minecraft:pumpkin":1,"minecraft:wither_rose":2,"minecraft:iron_axe":1,"minecraft:iron_shovel":1,"minecraft:string":12,"minecraft:smooth_basalt":3,"regions_unexplored:pine_log":24,"minecraft:netherite_ingot":1,"minecraft:stone_sword":2,"minecraft:tuff":8,"minecraft:raw_iron":3,"minecraft:stone_shovel":2,"minecraft:iron_boots":2,"minecraft:iron_hoe":1,"sophisticatedbackpacks:backpack":1,"regions_unexplored:mauve_log":6,"minecraft:filled_map":2,"minecraft:diamond_sword":1,"minecraft:potato":2,"create:veridium":3,"regions_unexplored:maple_leaf_pile":2,"minecraft:spruce_planks":1,"minecraft:diamond_pickaxe":1,"minecraft:iron_chestplate":1,"minecraft:andesite":46,"minecraft:yellow_bed":1,"minecraft:oak_sapling":26,"minecraft:spider_eye":1,"minecraft:spruce_log":4,"minecraft:stone_pickaxe":1,"minecraft:wooden_pickaxe":4,"minecraft:calcite":6,"botania:lime_mystical_flower":2,"create:andesite_funnel":1},"minecraft:broken":{"minecraft:golden_helmet":1,"minecraft:stone_pickaxe":1,"minecraft:stone_axe":1,"minecraft:shield":3,"minecraft:iron_axe":1,"minecraft:iron_pickaxe":5,"minecraft:iron_helmet":1},"minecraft:crafted":{"mekanism:free_runners":3,"minecraft:oak_planks":128,"mekanism:ingot_osmium":56,"mekanism:atomic_disassembler":1,"mekanismgenerators:heat_generator":1,"minecraft:bookshelf":10,"minecraft:cooked_mutton":5,"mekanism:basic_tier_installer":4,"minecraft:glass":54,"minecraft:iron_boots":1,"minecraft:chest":4,"mekanism:ingot_steel":51,"minecraft:stone_hoe":1,"mekanism:energy_tablet":16,"minecraft:cooked_porkchop":2,"minecraft:crafting_table":4,"minecraft:wooden_pickaxe":2,"minecraft:birch_planks":100,"mekanism:electric_bow":1,"minecraft:iron_chestplate":1,"minecraft:book":15,"minecraft:paper":45,"minecraft:diamond_pickaxe":1,"minecraft:charcoal":21,"mekanism:steel_casing":8,"minecraft:shield":4,"minecraft:stick":100,"mekanism:crusher":1,"minecraft:iron_ingot":204,"minecraft:iron_pickaxe":8,"minecraft:stone_sword":2,"minecraft:gold_ingot":62,"mekanism:osmium_compressor":1,"minecraft:shears":1,"minecraft:redstone":144,"mekanism:basic_universal_cable":24,"mekanismgenerators:wind_generator":1,"minecraft:furnace":9,"mekanism:energized_smelter":1,"mekanism:advanced_tier_installer":1,"mekanism:basic_smelting_factory":1,"mekanism:ingot_uranium":33,"minecraft:flint_and_steel":1,"mekanismgenerators:bio_generator":1,"minecraft:iron_axe":3,"minecraft:iron_hoe":1,"minecraft:stone_pickaxe":3,"minecraft:dark_oak_planks":8,"minecraft:wheat":297,"minecraft:cooked_beef":19,"mekanism:metallurgic_infuser":1,"minecraft:enchanting_table":1,"minecraft:bucket":7,"minecraft:stone_axe":3,"minecraft:bread":99,"minecraft:air":0,"mekanism:upgrade_speed":10,"minecraft:oak_boat":1,"mekanism:basic_energy_cube":3,"mekanism:enrichment_chamber":1,"mekanism:fuelwood_heater":1,"mekanism:advanced_control_circuit":8,"minecraft:torch":296},"minecraft:killed":{"minecraft:spider":5,"naturalist:snail":3,"minecraft:skeleton":25,"minecraft:piglin_brute":6,"minecraft:magma_cube":10,"minecraft:piglin":3,"minecraft:pig":2,"minecraft:creeper":2,"minecraft:sheep":2,"minecraft:goat":1,"minecraft:zombie":29,"minecraft:cow":19,"minecraft:drowned":1,"minecraft:hoglin":2,"naturalist:finch":1,"iceandfire:ghost":3,"minecraft:wither_skeleton":5},"minecraft:mined":{"mekanismgenerators:wind_generator":1,"minecraft:spruce_planks":3,"regions_unexplored:maple_log":183,"botania:red_mystical_flower":1,"minecraft:red_nether_bricks":2,"regions_unexplored:brimwood_leaves":5,"minecraft:carved_pumpkin":15,"minecraft:obsidian":30,"twilightforest:twisted_stone":1,"minecraft:granite":39,"minecraft:grass_block":67,"minecraft:cracked_polished_blackstone_bricks":9,"minecraft:light_gray_bed":1,"minecraft:soul_soil":5,"botania:light_gray_mystical_flower":2,"minecraft:spawner":1,"minecraft:polished_blackstone_bricks":54,"minecraft:glowstone":10,"minecraft:fire":1,"minecraft:iron_ore":57,"minecraft:cobbled_deepslate":5,"minecraft:pumpkin":14,"minecraft:deepslate_lapis_ore":31,"minecraft:enchanting_table":2,"iceandfire:gold_pile":7,"minecraft:dead_tube_coral":3,"regions_unexplored:dorcel":1,"minecraft:stripped_mangrove_wood":2,"create:veridium":3,"create:limestone":2,"botania:green_mystical_flower":5,"minecraft:deepslate_redstone_ore":61,"mekanism:osmium_ore":37,"minecraft:blackstone":7,"minecraft:torch":1,"regions_unexplored:mycotoxic_daisy":2,"minecraft:blast_furnace":1,"minecraft:calcite":20,"iceandfire:ghost_chest":1,"minecraft:chest":1,"mekanism:tin_ore":40,"minecraft:mushroom_stem":10,"regions_unexplored:cobalt_roots":1,"minecraft:nether_quartz_ore":66,"minecraft:cobblestone":36,"botania:blue_mystical_flower":2,"minecraft:oak_planks":13,"minecraft:sugar_cane":16,"minecraft:damaged_anvil":1,"minecraft:wall_torch":5,"mekanism:fuelwood_heater":2,"regions_unexplored:sandy_tall_grass":2,"mekanism:fluorite_ore":3,"minecraft:grass":221,"mekanism:deepslate_tin_ore":82,"minecraft:oak_log":65,"mekanism:lead_ore":27,"minecraft:sand":25,"minecraft:dirt":137,"minecraft:ancient_debris":2,"minecraft:smooth_basalt":3,"minecraft:netherrack":801,"minecraft:red_mushroom_block":45,"mekanism:basic_universal_cable":3,"minecraft:oak_leaves":7,"minecraft:deepslate":166,"minecraft:nether_gold_ore":29,"minecraft:tuff":9,"iceandfire:silver_ore":10,"minecraft:deepslate_diamond_ore":10,"mekanism:deepslate_osmium_ore":67,"minecraft:glow_lichen":1,"mekanismgenerators:heat_generator":1,"minecraft:dark_oak_fence":2,"iceandfire:deepslate_silver_ore":1,"minecraft:spruce_leaves":1,"minecraft:hay_block":33,"minecraft:furnace":4,"minecraft:andesite":28,"regions_unexplored:larch_leaves":1,"minecraft:gold_block":12,"minecraft:polished_deepslate":2,"graveyard:sarcophagus":1,"minecraft:bookshelf":6,"minecraft:deepslate_iron_ore":133,"minecraft:shroomlight":2,"minecraft:vine":1,"regions_unexplored:medium_grass":6,"regions_unexplored:orange_maple_leaf_pile":2,"minecraft:stone":1214,"minecraft:bone_block":6,"minecraft:smithing_table":1,"mekanism:deepslate_lead_ore":26,"botania:lime_mystical_flower":2,"minecraft:soul_sand":72,"minecraft:basalt":3,"regions_unexplored:mycotoxic_moss":1,"mekanism:basic_energy_cube":4,"minecraft:crafting_table":17,"minecraft:copper_ore":4,"minecraft:tall_grass":20,"regions_unexplored:mauve_log":6,"minecraft:deepslate_gold_ore":48,"minecraft:lapis_ore":1,"minecraft:diorite":4,"regions_unexplored:yellow_bioshroom_planks":1,"minecraft:purple_bed":3,"minecraft:birch_planks":2,"regions_unexplored:red_maple_leaf_pile":1,"minecraft:yellow_bed":1,"minecraft:coal_ore":249,"botania:yellow_mystical_flower":1,"regions_unexplored:silver_birch_log":44,"minecraft:gravel":44,"mekanism:deepslate_fluorite_ore":33,"botania:gray_mystical_flower":1,"minecraft:cobweb":2,"mekanism:deepslate_uranium_ore":42,"minecraft:cracked_stone_bricks":2,"minecraft:gold_ore":4,"regions_unexplored:larch_shrub":4},"minecraft:custom":{"minecraft:interact_with_crafting_table":113,"minecraft:leave_game":6,"minecraft:time_since_death":305322,"minecraft:sprint_one_cm":1243197,"minecraft:damage_blocked_by_shield":7155,"minecraft:drop":183,"minecraft:talked_to_villager":3,"minecraft:play_time":525463,"minecraft:deaths":12,"minecraft:jump":6203,"minecraft:interact_with_brewingstand":2,"minecraft:walk_on_water_one_cm":59836,"minecraft:enchant_item":1,"minecraft:interact_with_furnace":44,"minecraft:sleep_in_bed":6,"minecraft:damage_dealt":17773,"minecraft:crouch_one_cm":40212,"minecraft:interact_with_smoker":9,"minecraft:interact_with_smithing_table":2,"minecraft:mob_kills":122,"minecraft:interact_with_campfire":12,"minecraft:climb_one_cm":3633,"minecraft:walk_one_cm":1387094,"minecraft:sneak_time":13194,"minecraft:walk_under_water_one_cm":46129,"minecraft:boat_one_cm":385067,"minecraft:interact_with_blast_furnace":73,"minecraft:total_world_time":525463,"minecraft:time_since_rest":68760,"minecraft:damage_taken":2147483647,"minecraft:trigger_trapped_chest":1,"minecraft:swim_one_cm":149443,"minecraft:fly_one_cm":969945,"minecraft:open_chest":237,"minecraft:fall_one_cm":177623}},"DataVersion":3465}