{"stats":{"minecraft:used":{"minecraft:stone_hoe":36,"minecraft:torch":30,"minecraft:dirt":1,"minecraft:goat_horn":8,"minecraft:furnace":2,"minecraft:egg":3,"minecraft:stone_pickaxe":240,"minecraft:wooden_pickaxe":58,"minecraft:sand":1,"minecraft:crafting_table":10,"minecraft:apple":2,"minecraft:bread":18,"minecraft:iron_pickaxe":56,"minecraft:stone_axe":151,"minecraft:cobblestone":27,"minecraft:porkchop":2,"minecraft:experience_bottle":1},"minecraft:mined":{"minecraft:tuff":3,"minecraft:spruce_planks":3,"iceandfire:silver_ore":10,"botania:red_mystical_flower":1,"minecraft:glow_lichen":1,"minecraft:grass_block":4,"botania:light_gray_mystical_flower":2,"minecraft:hay_block":33,"minecraft:furnace":2,"minecraft:iron_ore":8,"minecraft:andesite":2,"minecraft:polished_deepslate":2,"graveyard:sarcophagus":1,"minecraft:shroomlight":2,"minecraft:dead_tube_coral":3,"regions_unexplored:medium_grass":3,"minecraft:stone":90,"create:veridium":3,"minecraft:smithing_table":1,"botania:green_mystical_flower":5,"botania:lime_mystical_flower":2,"mekanism:osmium_ore":18,"minecraft:crafting_table":10,"minecraft:torch":1,"mekanism:tin_ore":11,"minecraft:mushroom_stem":10,"minecraft:tall_grass":7,"minecraft:cobblestone":18,"regions_unexplored:mauve_log":6,"botania:blue_mystical_flower":2,"minecraft:oak_planks":13,"minecraft:sugar_cane":2,"minecraft:damaged_anvil":1,"minecraft:diorite":1,"minecraft:wall_torch":2,"minecraft:grass":47,"minecraft:coal_ore":155,"minecraft:oak_log":57,"botania:yellow_mystical_flower":1,"mekanism:lead_ore":7,"minecraft:dirt":9,"minecraft:gravel":8,"minecraft:sand":4,"botania:gray_mystical_flower":1,"minecraft:red_mushroom_block":45,"minecraft:oak_leaves":7},"minecraft:custom":{"minecraft:interact_with_smithing_table":1,"minecraft:mob_kills":20,"minecraft:interact_with_crafting_table":15,"minecraft:time_since_death":24732,"minecraft:climb_one_cm":449,"minecraft:sprint_one_cm":162346,"minecraft:walk_one_cm":188898,"minecraft:drop":17,"minecraft:play_time":66195,"minecraft:walk_under_water_one_cm":4660,"minecraft:deaths":3,"minecraft:sneak_time":1694,"minecraft:boat_one_cm":82117,"minecraft:jump":1172,"minecraft:walk_on_water_one_cm":10941,"minecraft:total_world_time":66195,"minecraft:interact_with_furnace":7,"minecraft:sleep_in_bed":1,"minecraft:time_since_rest":24760,"minecraft:damage_taken":2147483647,"minecraft:damage_dealt":3000,"minecraft:swim_one_cm":33453,"minecraft:fly_one_cm":191293,"minecraft:open_chest":4,"minecraft:crouch_one_cm":5751,"minecraft:fall_one_cm":35612},"minecraft:broken":{"minecraft:stone_pickaxe":1,"minecraft:stone_axe":1,"minecraft:iron_helmet":1},"minecraft:dropped":{"minecraft:bread":29,"regions_unexplored:willow_shrub":1,"regions_unexplored:pine_sapling":1,"minecraft:dark_oak_log":2,"minecraft:diorite":1,"regions_unexplored:mauve_sapling":4,"minecraft:gravel":11,"minecraft:stone_sword":1,"minecraft:tuff":3,"regions_unexplored:mauve_log":6,"create:veridium":3,"minecraft:oak_sapling":8,"minecraft:wooden_pickaxe":1},"minecraft:crafted":{"minecraft:oak_planks":84,"minecraft:furnace":2,"minecraft:stone_pickaxe":3,"minecraft:stone_hoe":1,"minecraft:wheat":297,"minecraft:cooked_beef":15,"minecraft:cooked_porkchop":2,"minecraft:crafting_table":2,"minecraft:wooden_pickaxe":2,"minecraft:stone_axe":3,"minecraft:bread":99,"minecraft:air":0,"minecraft:shield":1,"minecraft:stick":20,"minecraft:iron_ingot":8,"minecraft:iron_pickaxe":1,"minecraft:stone_sword":2,"minecraft:torch":48},"minecraft:killed_by":{"iceandfire:gorgon":1},"minecraft:picked_up":{"minecraft:crafting_table":13,"minecraft:wheat":4,"minecraft:smithing_table":2,"minecraft:wooden_pickaxe":1,"minecraft:polished_deepslate":2,"graveyard:sarcophagus":1,"minecraft:shroomlight":2,"minecraft:blue_orchid":3,"minecraft:spruce_planks":3,"minecraft:beef":32,"minecraft:sugar_cane":4,"minecraft:egg":3,"minecraft:furnace":2,"minecraft:stick":17,"minecraft:raw_iron":8,"minecraft:torch":43,"botania:yellow_mystical_flower":1,"minecraft:porkchop":6,"minecraft:diorite":1,"mekanism:raw_tin":11,"minecraft:goat_horn":1,"minecraft:rotten_flesh":1,"minecraft:arrow":2,"regions_unexplored:mauve_sapling":4,"botania:lime_mystical_flower":4,"botania:light_gray_mystical_flower":1,"regions_unexplored:mauve_log":12,"minecraft:hay_block":33,"botania:blue_mystical_flower":2,"create:veridium":3,"botania:green_mystical_flower":5,"minecraft:mutton":2,"minecraft:cobblestone":123,"minecraft:cooked_beef":1,"mekanism:raw_lead":7,"minecraft:leather":20,"minecraft:red_mushroom":17,"minecraft:potato":8,"minecraft:tuff":3,"minecraft:oak_log":69,"minecraft:gunpowder":13,"minecraft:dirt":13,"minecraft:bone":1,"minecraft:apple":2,"minecraft:wheat_seeds":6,"minecraft:stone_pickaxe":1,"minecraft:iron_ingot":1,"minecraft:cobweb":3,"botania:gray_mystical_flower":2,"minecraft:stone_hoe":1,"minecraft:oak_planks":14,"botania:red_mystical_flower":1,"regions_unexplored:pine_sapling":1,"minecraft:gravel":15,"minecraft:sand":10,"mekanism:raw_osmium":24,"minecraft:dark_oak_log":2,"minecraft:stone_axe":1,"regions_unexplored:willow_shrub":1,"minecraft:iron_helmet":1,"minecraft:crossbow":1,"minecraft:bread":90,"minecraft:oak_sapling":16,"minecraft:damaged_anvil":1,"minecraft:coal":333,"iceandfire:raw_silver":13},"minecraft:killed":{"minecraft:skeleton":2,"minecraft:pig":2,"minecraft:creeper":1,"minecraft:sheep":1,"naturalist:finch":1,"minecraft:goat":1,"minecraft:zombie":2,"minecraft:cow":9}},"DataVersion":3465}