{"stats":{"minecraft:picked_up":{"minecraft:wooden_axe":3,"minecraft:iron_chestplate":1,"minecraft:charcoal":4,"minecraft:crafting_table":26,"minecraft:wheat":16,"minecraft:smithing_table":5,"minecraft:wooden_pickaxe":4,"minecraft:wither_rose":2,"minecraft:stone_brick_stairs":2,"minecraft:shield":4,"minecraft:polished_deepslate":2,"minecraft:string":14,"graveyard:sarcophagus":1,"minecraft:iron_leggings":4,"minecraft:iron_shovel":1,"minecraft:shroomlight":2,"minecraft:blue_orchid":3,"minecraft:cracked_stone_bricks":2,"regions_unexplored:pine_log":72,"minecraft:gold_nugget":356,"minecraft:spruce_planks":12,"minecraft:beef":54,"regions_unexplored:maple_leaf_pile":2,"minecraft:iron_pickaxe":5,"minecraft:sugar_cane":23,"minecraft:birch_sapling":4,"minecraft:furnace":7,"minecraft:iron_boots":2,"minecraft:egg":3,"minecraft:stick":40,"minecraft:raw_iron":17,"iceandfire:ghost_chest":2,"minecraft:copper_ingot":3,"minecraft:torch":135,"botania:yellow_mystical_flower":1,"sophisticatedbackpacks:backpack":1,"minecraft:porkchop":6,"minecraft:diorite":1,"mekanism:raw_tin":66,"minecraft:goat_horn":4,"minecraft:dark_oak_planks":4,"minecraft:stone_sword":2,"minecraft:arrow":7,"minecraft:stone_shovel":2,"minecraft:rotten_flesh":22,"regions_unexplored:mauve_sapling":4,"botania:lime_mystical_flower":10,"botania:light_gray_mystical_flower":1,"regions_unexplored:mauve_log":12,"minecraft:hay_block":33,"botania:blue_mystical_flower":2,"create:veridium":3,"minecraft:gold_ingot":1,"botania:green_mystical_flower":5,"minecraft:mutton":7,"minecraft:white_wool":1,"minecraft:cobblestone":229,"minecraft:feather":8,"minecraft:cooked_beef":75,"mekanism:raw_lead":28,"minecraft:leather":97,"minecraft:red_mushroom":17,"minecraft:potato":56,"minecraft:filled_map":3,"minecraft:birch_planks":39,"minecraft:flint":4,"minecraft:tuff":3,"minecraft:oak_log":130,"iceandfire:ectoplasm":1,"minecraft:yellow_bed":3,"minecraft:gunpowder":14,"minecraft:lapis_lazuli":15,"minecraft:dirt":45,"minecraft:bone":10,"minecraft:apple":2,"minecraft:stone_bricks":1,"minecraft:wheat_seeds":7,"regions_unexplored:magnolia_planks":7,"minecraft:iron_ingot":30,"minecraft:stone_pickaxe":5,"minecraft:cobweb":7,"regions_unexplored:larch_shrub":3,"minecraft:iron_sword":1,"minecraft:stone_hoe":4,"minecraft:oak_planks":262,"botania:gray_mystical_flower":2,"botania:red_mystical_flower":1,"minecraft:pumpkin":1,"regions_unexplored:pine_sapling":1,"minecraft:gravel":15,"minecraft:sand":10,"minecraft:spruce_log":4,"minecraft:dark_oak_log":6,"mekanism:raw_osmium":119,"minecraft:spider_eye":1,"minecraft:purple_bed":3,"minecraft:slime_ball":1,"regions_unexplored:willow_shrub":1,"minecraft:diamond":8,"minecraft:stone_axe":4,"minecraft:iron_helmet":1,"minecraft:crossbow":3,"minecraft:bread":362,"minecraft:oak_sapling":30,"minecraft:damaged_anvil":1,"minecraft:coal":1091,"iceandfire:raw_silver":53},"minecraft:used":{"minecraft:stone_sword":23,"minecraft:shield":83,"minecraft:iron_sword":45,"minecraft:stone_hoe":36,"minecraft:torch":30,"minecraft:dirt":1,"minecraft:iron_hoe":1,"minecraft:wooden_axe":14,"minecraft:iron_axe":7,"minecraft:iron_helmet":1,"minecraft:oak_sapling":1,"minecraft:goat_horn":11,"minecraft:furnace":4,"minecraft:egg":3,"minecraft:cooked_beef":7,"minecraft:cooked_mutton":5,"minecraft:birch_planks":7,"minecraft:stone_pickaxe":240,"minecraft:wooden_pickaxe":58,"minecraft:white_wool":1,"minecraft:sand":1,"minecraft:crafting_table":13,"minecraft:apple":6,"minecraft:bread":48,"minecraft:iron_pickaxe":80,"minecraft:stone_axe":186,"minecraft:purple_bed":1,"minecraft:cobblestone":28,"minecraft:porkchop":2,"minecraft:cooked_porkchop":2,"minecraft:yellow_bed":1,"minecraft:oak_boat":1,"minecraft:experience_bottle":1},"minecraft:killed_by":{"iceandfire:gorgon":1},"minecraft:dropped":{"minecraft:stone_hoe":1,"minecraft:bread":69,"regions_unexplored:magnolia_planks":7,"regions_unexplored:willow_shrub":1,"minecraft:lapis_lazuli":5,"minecraft:cooked_beef":8,"minecraft:oak_log":4,"minecraft:crossbow":1,"minecraft:feather":8,"minecraft:leather":23,"iceandfire:ectoplasm":1,"minecraft:cracked_stone_bricks":2,"minecraft:copper_ingot":1,"regions_unexplored:pine_sapling":1,"minecraft:coal":56,"minecraft:flint":1,"minecraft:dirt":24,"minecraft:dark_oak_log":4,"minecraft:diorite":1,"minecraft:wooden_axe":1,"minecraft:pumpkin":1,"minecraft:wither_rose":2,"minecraft:iron_pickaxe":1,"minecraft:iron_shovel":1,"minecraft:string":10,"regions_unexplored:mauve_sapling":4,"minecraft:gravel":11,"regions_unexplored:pine_log":24,"minecraft:stone_sword":2,"minecraft:tuff":3,"minecraft:raw_iron":3,"minecraft:stone_shovel":2,"minecraft:rotten_flesh":7,"minecraft:oak_planks":31,"minecraft:iron_boots":1,"sophisticatedbackpacks:backpack":1,"regions_unexplored:mauve_log":6,"minecraft:filled_map":2,"minecraft:potato":2,"iceandfire:ghost_chest":1,"minecraft:gunpowder":1,"create:veridium":3,"minecraft:iron_chestplate":1,"minecraft:yellow_bed":1,"minecraft:oak_sapling":21,"minecraft:spider_eye":1,"minecraft:spruce_log":4,"minecraft:arrow":6,"minecraft:stone_pickaxe":1,"minecraft:wooden_pickaxe":4,"botania:lime_mystical_flower":2,"minecraft:stone_brick_stairs":2},"minecraft:broken":{"minecraft:stone_pickaxe":1,"minecraft:shield":1,"minecraft:stone_axe":1,"minecraft:iron_helmet":1},"minecraft:crafted":{"minecraft:oak_planks":96,"minecraft:furnace":2,"minecraft:cooked_mutton":5,"minecraft:iron_boots":1,"minecraft:iron_axe":1,"minecraft:iron_hoe":1,"minecraft:stone_pickaxe":3,"minecraft:dark_oak_planks":8,"minecraft:stone_hoe":1,"minecraft:wheat":297,"minecraft:cooked_beef":19,"minecraft:cooked_porkchop":2,"minecraft:crafting_table":3,"minecraft:wooden_pickaxe":2,"minecraft:stone_axe":3,"minecraft:bread":99,"minecraft:air":0,"minecraft:oak_boat":1,"minecraft:iron_chestplate":1,"minecraft:shield":2,"minecraft:stick":20,"minecraft:iron_ingot":8,"minecraft:iron_pickaxe":2,"minecraft:stone_sword":2,"minecraft:torch":76},"minecraft:killed":{"minecraft:spider":3,"naturalist:snail":1,"minecraft:skeleton":3,"minecraft:drowned":1,"minecraft:pig":2,"minecraft:creeper":1,"minecraft:sheep":2,"naturalist:finch":1,"minecraft:goat":1,"minecraft:zombie":8,"iceandfire:ghost":2,"minecraft:cow":16},"minecraft:mined":{"minecraft:tuff":3,"minecraft:spruce_planks":3,"iceandfire:silver_ore":10,"botania:red_mystical_flower":1,"minecraft:glow_lichen":1,"minecraft:grass_block":15,"minecraft:spruce_leaves":1,"botania:light_gray_mystical_flower":2,"minecraft:hay_block":33,"minecraft:furnace":4,"minecraft:iron_ore":8,"minecraft:andesite":2,"regions_unexplored:larch_leaves":1,"minecraft:polished_deepslate":2,"graveyard:sarcophagus":1,"minecraft:vine":1,"iceandfire:gold_pile":7,"minecraft:shroomlight":2,"minecraft:dead_tube_coral":3,"regions_unexplored:medium_grass":3,"minecraft:stone":90,"create:veridium":3,"botania:green_mystical_flower":5,"minecraft:smithing_table":1,"botania:lime_mystical_flower":2,"mekanism:osmium_ore":23,"minecraft:crafting_table":12,"minecraft:torch":1,"iceandfire:ghost_chest":1,"mekanism:tin_ore":11,"minecraft:mushroom_stem":10,"minecraft:tall_grass":8,"minecraft:cobblestone":19,"regions_unexplored:mauve_log":6,"botania:blue_mystical_flower":2,"minecraft:oak_planks":13,"minecraft:sugar_cane":13,"minecraft:damaged_anvil":1,"minecraft:wall_torch":3,"minecraft:diorite":1,"minecraft:purple_bed":2,"regions_unexplored:sandy_tall_grass":2,"minecraft:yellow_bed":1,"minecraft:grass":52,"botania:yellow_mystical_flower":1,"minecraft:coal_ore":155,"minecraft:oak_log":57,"mekanism:lead_ore":7,"minecraft:gravel":8,"minecraft:dirt":9,"minecraft:sand":4,"minecraft:cobweb":2,"botania:gray_mystical_flower":1,"minecraft:cracked_stone_bricks":2,"minecraft:red_mushroom_block":45,"minecraft:oak_leaves":7,"regions_unexplored:larch_shrub":4},"minecraft:custom":{"minecraft:interact_with_smithing_table":1,"minecraft:mob_kills":43,"minecraft:interact_with_crafting_table":24,"minecraft:interact_with_campfire":12,"minecraft:leave_game":3,"minecraft:time_since_death":48989,"minecraft:climb_one_cm":2221,"minecraft:sprint_one_cm":435909,"minecraft:walk_one_cm":362509,"minecraft:damage_blocked_by_shield":2475,"minecraft:drop":84,"minecraft:talked_to_villager":3,"minecraft:play_time":146304,"minecraft:sneak_time":2133,"minecraft:deaths":11,"minecraft:walk_under_water_one_cm":39375,"minecraft:boat_one_cm":385067,"minecraft:jump":2691,"minecraft:walk_on_water_one_cm":42328,"minecraft:total_world_time":146304,"minecraft:interact_with_furnace":19,"minecraft:sleep_in_bed":3,"minecraft:time_since_rest":1165,"minecraft:damage_taken":2147483647,"minecraft:trigger_trapped_chest":1,"minecraft:damage_dealt":7386,"minecraft:swim_one_cm":117475,"minecraft:fly_one_cm":525069,"minecraft:open_chest":17,"minecraft:crouch_one_cm":5885,"minecraft:fall_one_cm":67806}},"DataVersion":3465}