{"stats":{"minecraft:used":{"minecraft:stone_sword":1,"minecraft:birch_planks":19,"minecraft:stone_shovel":11,"minecraft:stone_pickaxe":112,"minecraft:oak_planks":23,"minecraft:birch_boat":1,"minecraft:wooden_pickaxe":26,"minecraft:torch":41,"minecraft:crafting_table":9,"mekanismtools:wood_paxel":133,"minecraft:wooden_axe":44,"minecraft:apple":9,"minecraft:birch_chest_boat":2,"minecraft:bread":11,"minecraft:stone_axe":76,"minecraft:cobblestone":30,"minecraft:birch_log":10,"minecraft:yellow_bed":1,"minecraft:oak_boat":2,"minecraft:oak_chest_boat":2},"minecraft:mined":{"regions_unexplored:willow_shrub":1,"botania:lime_mystical_flower":1,"regions_unexplored:magnolia_log":53,"botania:pink_double_flower":1,"minecraft:crafting_table":2,"minecraft:granite":2,"minecraft:grass_block":2,"minecraft:chest":1,"regions_unexplored:stone_grass_block":1,"minecraft:deepslate_coal_ore":4,"minecraft:tall_grass":1,"minecraft:lapis_ore":1,"regions_unexplored:daisy":1,"minecraft:oak_planks":2,"minecraft:sugar_cane":7,"minecraft:wall_torch":1,"regions_unexplored:pine_log":24,"minecraft:spruce_stairs":1,"botania:pink_mystical_flower":2,"minecraft:birch_planks":1,"minecraft:tall_seagrass":1,"minecraft:birch_log":41,"minecraft:iron_ore":3,"minecraft:fire":1,"minecraft:birch_leaves":3,"regions_unexplored:red_maple_leaf_pile":1,"minecraft:yellow_bed":2,"minecraft:grass":5,"minecraft:coal_ore":65,"minecraft:oak_log":71,"minecraft:gravel":1,"minecraft:sand":11,"regions_unexplored:medium_grass":2,"regions_unexplored:small_oak_log":16,"minecraft:stone":46,"minecraft:stonecutter":1,"minecraft:oak_leaves":4,"minecraft:fern":1,"regions_unexplored:fireweed":3},"minecraft:custom":{"minecraft:mob_kills":13,"minecraft:interact_with_crafting_table":10,"minecraft:bell_ring":1,"minecraft:leave_game":2,"minecraft:time_since_death":47867,"minecraft:sleep_in_bed":1,"minecraft:climb_one_cm":713,"minecraft:time_since_rest":40242,"minecraft:sprint_one_cm":137123,"minecraft:damage_taken":2147483647,"minecraft:walk_one_cm":249687,"minecraft:drop":5,"minecraft:damage_dealt":2052,"minecraft:swim_one_cm":30374,"minecraft:fly_one_cm":235995,"minecraft:open_chest":6,"minecraft:crouch_one_cm":2327,"minecraft:play_time":78049,"minecraft:deaths":5,"minecraft:sneak_time":644,"minecraft:walk_under_water_one_cm":10442,"minecraft:boat_one_cm":451877,"minecraft:jump":1600,"minecraft:walk_on_water_one_cm":10175,"minecraft:total_world_time":78049,"minecraft:fall_one_cm":51132},"minecraft:dropped":{"minecraft:granite":2,"minecraft:oak_boat":1,"botania:pink_mystical_flower":2,"botania:lime_mystical_flower":1,"botania:pink_double_flower":1},"minecraft:broken":{"mekanismtools:wood_paxel":1},"minecraft:crafted":{"minecraft:oak_planks":120,"minecraft:wooden_shovel":1,"minecraft:stone_shovel":1,"minecraft:crafting_table":8,"minecraft:birch_boat":2,"minecraft:wooden_pickaxe":2,"minecraft:birch_planks":116,"minecraft:campfire":1,"minecraft:stone_axe":1,"minecraft:oak_boat":3,"mekanismtools:wood_paxel":1,"minecraft:oak_chest_boat":1,"minecraft:stick":32,"minecraft:birch_chest_boat":1,"minecraft:stone_pickaxe":1,"minecraft:wooden_axe":2,"minecraft:chest":2,"minecraft:torch":40},"minecraft:killed_by":{"naturalist:rattlesnake":1,"iceandfire:gorgon":2},"minecraft:picked_up":{"regions_unexplored:small_oak_log":14,"minecraft:birch_log":41,"minecraft:crafting_table":1,"minecraft:andesite":2,"regions_unexplored:magnolia_log":106,"minecraft:leather":14,"minecraft:birch_planks":45,"minecraft:flint":1,"minecraft:oak_log":115,"regions_unexplored:red_maple_leaf_pile":1,"minecraft:yellow_bed":2,"minecraft:lapis_lazuli":5,"minecraft:string":2,"minecraft:dirt":3,"minecraft:apple":6,"minecraft:stonecutter":1,"botania:pink_mystical_flower":2,"minecraft:wheat_seeds":1,"regions_unexplored:pine_log":24,"minecraft:beef":29,"minecraft:oak_boat":1,"minecraft:sugar_cane":13,"minecraft:chest":2,"minecraft:birch_sapling":14,"minecraft:oak_planks":2,"minecraft:stick":72,"minecraft:raw_iron":3,"regions_unexplored:white_magnolia_sapling":8,"minecraft:torch":1,"botania:pink_double_flower":2,"minecraft:spruce_stairs":1,"minecraft:birch_chest_boat":2,"minecraft:sand":3,"minecraft:dark_oak_log":2,"regions_unexplored:daisy":1,"regions_unexplored:pink_magnolia_sapling":12,"minecraft:stone_sword":1,"minecraft:rotten_flesh":7,"botania:lime_mystical_flower":1,"regions_unexplored:fireweed":3,"minecraft:stone_axe":1,"botania:blue_mystical_flower":2,"minecraft:granite":2,"minecraft:bread":29,"minecraft:oak_chest_boat":2,"minecraft:oak_sapling":47,"minecraft:coal":67,"regions_unexplored:magnolia_sapling":32,"minecraft:cobblestone":47},"minecraft:killed":{"minecraft:spider":1,"minecraft:goat":1,"minecraft:zombie":4,"minecraft:cow":7}},"DataVersion":3465}