{"stats":{"minecraft:used":{"minecraft:dirt":1},"minecraft:killed_by":{"iceandfire:fire_dragon":1},"minecraft:picked_up":{"minecraft:dirt":1},"minecraft:mined":{"minecraft:grass":1,"regions_unexplored:medium_grass":1,"minecraft:grass_block":1},"minecraft:custom":{"minecraft:jump":168,"minecraft:deaths":1,"minecraft:time_since_rest":2758,"minecraft:damage_taken":270,"minecraft:leave_game":2,"minecraft:play_time":8108,"minecraft:sprint_one_cm":11986,"minecraft:time_since_death":2727,"minecraft:walk_on_water_one_cm":2011,"minecraft:walk_one_cm":3981,"minecraft:sneak_time":251,"minecraft:total_world_time":8108,"minecraft:walk_under_water_one_cm":483,"minecraft:swim_one_cm":4780,"minecraft:fall_one_cm":6717,"minecraft:fly_one_cm":117098}},"DataVersion":3465}