{"stats":{"minecraft:picked_up":{"regions_unexplored:small_oak_log":70,"minecraft:iron_chestplate":5,"iceandfire:copper_sword":1,"regions_unexplored:magnolia_log":110,"minecraft:smithing_table":3,"minecraft:stone_slab":3,"minecraft:diamond_sword":1,"minecraft:wither_rose":5,"minecraft:brewing_stand":1,"minecraft:golden_sword":1,"minecraft:string":29,"minecraft:cooked_salmon":3,"minecraft:red_nether_bricks":3,"regions_unexplored:pine_log":153,"minecraft:gold_nugget":954,"minecraft:cobbled_deepslate":1,"minecraft:spruce_planks":41,"regions_unexplored:larch_log":1,"minecraft:netherite_upgrade_smithing_template":2,"create:andesite_casing":58,"mekanism:raw_tin":33,"regions_unexplored:pink_magnolia_sapling":12,"minecraft:stone_sword":2,"minecraft:iron_block":1,"minecraft:iron_bars":3,"minecraft:snowball":4,"minecraft:birch_log":41,"storagedrawers:oak_full_drawers_4":16,"minecraft:feather":24,"minecraft:cooked_beef":61,"minecraft:smoker":1,"minecraft:flint":7,"minecraft:stonecutter":8,"create:shaft":33,"create:gearshift":1,"botania:pink_double_flower":2,"create:empty_blaze_burner":4,"minecraft:dark_oak_log":14,"naturalist:duck_egg":1,"minecraft:iron_hoe":2,"minecraft:snout_armor_trim_smithing_template":1,"naturalist:antler":2,"regions_unexplored:clover":1,"minecraft:granite":3,"regions_unexplored:mauve_boat":5,"minecraft:bread":198,"iceandfire:raw_silver":30,"minecraft:diamond_pickaxe":3,"create:copper_sheet":47,"minecraft:crafting_table":20,"create:fluid_pipe":13,"minecraft:iron_shovel":3,"regions_unexplored:orange_maple_sapling":60,"iceandfire:graveyard_soil":1,"minecraft:netherite_sword":1,"minecraft:beef":80,"regions_unexplored:maple_leaf_pile":3,"minecraft:iron_nugget":3,"regions_unexplored:glister_spire":1,"minecraft:chest":26,"minecraft:birch_sapling":30,"minecraft:stone":1,"sophisticatedbackpacks:backpack":2,"minecraft:carrot":16,"minecraft:redstone":51,"create:brass_casing":21,"create:vertical_gearbox":5,"create:steam_engine":2,"minecraft:stone_shovel":5,"regions_unexplored:mauve_sapling":18,"minecraft:beetroot_seeds":5,"minecraft:hay_block":55,"botania:blue_mystical_flower":2,"minecraft:gold_ingot":74,"minecraft:oak_chest_boat":2,"sophisticatedbackpacks:copper_backpack":1,"minecraft:mutton":31,"minecraft:bone_block":37,"minecraft:white_wool":17,"create:iron_sheet":39,"minecraft:filled_map":5,"minecraft:oak_log":178,"regions_unexplored:red_maple_sapling":95,"minecraft:blue_bed":4,"create:crushing_wheel":5,"regions_unexplored:glistering_ivy":1,"minecraft:apple":23,"minecraft:stone_bricks":4,"minecraft:kelp":351,"minecraft:stone_pickaxe":11,"minecraft:cobweb":16,"minecraft:iron_sword":1,"regions_unexplored:silver_birch_sapling":23,"regions_unexplored:white_magnolia_sapling":8,"minecraft:cracked_nether_bricks":3,"minecraft:spyglass":2,"minecraft:gravel":29,"minecraft:spruce_sapling":41,"minecraft:spruce_log":73,"create:gearbox":4,"regions_unexplored:maple_slab":66,"regions_unexplored:fireweed":3,"minecraft:stone_axe":7,"create:mechanical_pump":2,"minecraft:wheat":135,"minecraft:redstone_block":21,"regions_unexplored:brimsprout":7,"regions_unexplored:maple_planks":43,"minecraft:stone_brick_stairs":8,"minecraft:raw_copper":204,"minecraft:smooth_stone_slab":1,"minecraft:iron_leggings":8,"minecraft:netherite_ingot":1,"minecraft:experience_bottle":1,"mekanismtools:osmium_axe":1,"create:sand_paper":11,"create:andesite_funnel":1,"create:mechanical_press":1,"minecraft:iron_pickaxe":7,"minecraft:iron_boots":7,"minecraft:furnace":4,"iceandfire:pixie_dust":6,"minecraft:stick":457,"iceandfire:ghost_chest":5,"create:mechanical_mixer":2,"minecraft:oak_fence":6,"minecraft:torch":87,"minecraft:spruce_stairs":1,"minecraft:porkchop":14,"iceandfire:rotten_egg":1,"minecraft:music_disc_pigstep":1,"minecraft:diorite":2,"regions_unexplored:daisy":1,"minecraft:goat_horn":1,"create:large_cogwheel":25,"minecraft:rotten_flesh":63,"regions_unexplored:mauve_log":12,"regions_unexplored:magnolia_sapling":32,"minecraft:cobblestone":4316,"minecraft:leather_chestplate":1,"create:fluid_tank":10,"minecraft:andesite":684,"minecraft:golden_leggings":1,"minecraft:potato":51,"create:belt_connector":21,"minecraft:lapis_lazuli":54,"minecraft:dirt":577,"minecraft:leather_boots":3,"minecraft:bone":46,"minecraft:wheat_seeds":389,"botania:pink_mystical_flower":2,"aquamirae:wisteria_niveis":12,"minecraft:raw_gold":9,"minecraft:grindstone":3,"minecraft:mossy_stone_bricks":4,"minecraft:oak_planks":380,"create:cogwheel":9,"minecraft:sand":25,"minecraft:birch_chest_boat":2,"minecraft:grass_block":2,"minecraft:mossy_cobblestone":3,"regions_unexplored:mauve_planks":129,"minecraft:diamond":6,"minecraft:cracked_polished_blackstone_bricks":1,"minecraft:crossbow":9,"minecraft:grass":1,"minecraft:oak_sapling":140,"minecraft:netherrack":72,"minecraft:charcoal":16,"regions_unexplored:mycotoxic_grass":2,"minecraft:chicken":8,"naturalist:venison":2,"minecraft:brown_mushroom":4,"minecraft:wooden_pickaxe":5,"regions_unexplored:white_trillium":1,"regions_unexplored:red_maple_leaf_pile":3,"minecraft:shield":4,"minecraft:iron_axe":1,"minecraft:blackstone":16,"minecraft:oak_boat":1,"create:basin":13,"minecraft:sugar_cane":61,"minecraft:raw_iron":104,"create:golden_sheet":5,"minecraft:copper_ingot":100,"minecraft:polished_blackstone_bricks":2,"mekanismtools:osmium_helmet":1,"iceandfire:silver_ingot":21,"minecraft:arrow":38,"botania:lime_mystical_flower":1,"regions_unexplored:maple_sapling":13,"minecraft:nether_bricks":13,"iceandfire:chared_dirt":1,"minecraft:skeleton_skull":7,"regions_unexplored:dorcel":2,"regions_unexplored:peat_dirt":14,"minecraft:basalt":55,"minecraft:golden_carrot":2,"minecraft:leather":122,"minecraft:birch_planks":116,"minecraft:ice":2,"create:andesite_alloy":16,"minecraft:yellow_bed":8,"minecraft:gunpowder":3,"create:blaze_burner":17,"minecraft:cooked_mutton":10,"minecraft:iron_ingot":162,"minecraft:cooked_chicken":5,"create:large_water_wheel":9,"minecraft:pumpkin":2,"minecraft:birch_boat":1,"minecraft:chiseled_stone_bricks":4,"minecraft:stone_brick_slab":4,"minecraft:quartz":2,"minecraft:blast_furnace":5,"minecraft:white_bed":1,"mekanism:raw_osmium":56,"minecraft:spider_eye":6,"regions_unexplored:silver_birch_log":134,"mekanism:fluorite_gem":3,"regions_unexplored:maple_log":418,"minecraft:coal":474,"minecraft:wooden_axe":7},"minecraft:used":{"create:brass_casing":3,"minecraft:chest":22,"minecraft:stone":129,"minecraft:rotten_flesh":20,"create:fluid_tank":28,"create:mechanical_crafter":23,"regions_unexplored:silver_birch_sapling":22,"minecraft:lava_bucket":32,"regions_unexplored:orange_maple_sapling":38,"iceandfire:ghost_chest":2,"minecraft:stone_brick_stairs":2,"create:andesite_funnel":8,"minecraft:sweet_berries":7,"create:shaft":81,"create:steam_engine":3,"minecraft:furnace":2,"minecraft:mossy_stone_bricks":1,"regions_unexplored:silver_birch_log":24,"minecraft:blackstone":8,"minecraft:wooden_pickaxe":26,"naturalist:duck_egg":1,"minecraft:blast_furnace":1,"regions_unexplored:mauve_boat":3,"mekanismtools:iron_paxel":198,"minecraft:wooden_sword":11,"create:basin":15,"minecraft:smithing_table":1,"minecraft:birch_log":10,"minecraft:oak_boat":2,"regions_unexplored:red_maple_sapling":94,"minecraft:stone_sword":3,"minecraft:armor_stand":2,"minecraft:cooked_salmon":3,"minecraft:netherrack":51,"minecraft:torch":516,"minecraft:brewing_stand":1,"regions_unexplored:clover":1,"iceandfire:gold_pile":3,"create:wrench":142,"minecraft:birch_chest_boat":2,"create:gearbox":18,"minecraft:iron_axe":324,"minecraft:basalt":1,"create:fluid_pipe":22,"create:belt_connector":8,"minecraft:wheat_seeds":169,"minecraft:water_bucket":84,"minecraft:birch_planks":30,"create:blaze_burner":20,"minecraft:polished_blackstone_bricks":1,"minecraft:crafting_table":22,"minecraft:campfire":10,"minecraft:white_bed":1,"minecraft:oak_log":30,"minecraft:diamond_pickaxe":610,"minecraft:iron_pickaxe":524,"create:water_wheel":2,"minecraft:spruce_sapling":10,"minecraft:cobblestone":93,"storagedrawers:oak_full_drawers_4":12,"minecraft:cooked_porkchop":2,"minecraft:kelp":84,"minecraft:iron_shovel":242,"minecraft:bone_block":2,"minecraft:shield":6,"minecraft:iron_sword":1,"minecraft:grass":1,"create:cogwheel":42,"minecraft:carrot":8,"minecraft:glass":28,"regions_unexplored:maple_sapling":13,"create:millstone":2,"minecraft:stone_bricks":92,"minecraft:hay_block":1,"create:mechanical_drill":8,"minecraft:skeleton_skull":1,"create:copper_diving_boots":1,"minecraft:oak_chest_boat":2,"create:crushing_wheel":3,"minecraft:stone_pickaxe":168,"minecraft:oak_planks":23,"minecraft:blue_bed":2,"minecraft:golden_hoe":61,"minecraft:crossbow":49,"minecraft:bread":80,"create:andesite_casing":18,"minecraft:grindstone":1,"minecraft:andesite":1,"minecraft:smooth_stone_slab":1,"create:vertical_gearbox":5,"minecraft:bone_meal":356,"create:large_cogwheel":78,"minecraft:cobweb":10,"minecraft:oak_fence":5,"minecraft:netherite_sword":36,"minecraft:stone_shovel":22,"minecraft:cooked_chicken":8,"regions_unexplored:maple_planks":94,"create:mechanical_pump":5,"minecraft:dirt":368,"minecraft:spyglass":86,"create:mechanical_mixer":3,"iceandfire:pixie_dust":1,"minecraft:iron_hoe":13,"minecraft:stone_brick_slab":1,"minecraft:wooden_axe":198,"twilightforest:twisted_stone":1,"minecraft:iron_boots":1,"minecraft:golden_carrot":7,"minecraft:cooked_beef":19,"create:gearshift":3,"minecraft:cooked_mutton":31,"create:empty_blaze_burner":2,"aquamirae:wisteria_niveis":8,"minecraft:birch_boat":2,"mekanismtools:osmium_axe":604,"minecraft:stonecutter":1,"minecraft:smoker":4,"mekanismtools:wood_paxel":133,"minecraft:apple":23,"create:mechanical_press":2,"minecraft:cracked_polished_blackstone_bricks":1,"minecraft:stone_slab":1,"create:large_water_wheel":26,"regions_unexplored:yellow_bioshroom_planks":23,"minecraft:stone_axe":272,"minecraft:bucket":154,"minecraft:yellow_bed":3,"minecraft:pumpkin_pie":2,"regions_unexplored:maple_log":20,"minecraft:smooth_stone":2},"minecraft:killed_by":{"minecraft:magma_cube":2,"naturalist:rattlesnake":1,"minecraft:player":1,"iceandfire:gorgon":2},"minecraft:dropped":{"minecraft:iron_sword":2,"iceandfire:raw_silver":8,"minecraft:cooked_beef":5,"minecraft:diamond":2,"minecraft:leather_helmet":2,"minecraft:dirt":31,"minecraft:snout_armor_trim_smithing_template":1,"minecraft:chain":16,"minecraft:gold_nugget":1,"minecraft:sand":1,"minecraft:iron_pickaxe":1,"minecraft:white_wool":25,"regions_unexplored:mauve_sapling":6,"botania:pink_double_flower":1,"minecraft:bone":5,"mekanism:free_runners":1,"minecraft:wheat":15,"minecraft:rotten_flesh":16,"regions_unexplored:maple_slab":64,"mekanism:raw_tin":11,"regions_unexplored:white_trillium":1,"minecraft:leather_boots":2,"minecraft:red_nether_bricks":3,"minecraft:glass":7,"create:basin":3,"minecraft:iron_ingot":330,"minecraft:wheat_seeds":126,"minecraft:cobblestone":699,"minecraft:granite":2,"minecraft:golden_apple":1,"minecraft:lava_bucket":1,"minecraft:wooden_axe":1,"minecraft:pumpkin":1,"minecraft:string":7,"create:sand_paper":11,"minecraft:spruce_sapling":1,"regions_unexplored:larch_log":1,"minecraft:iron_boots":2,"sophisticatedbackpacks:backpack":4,"minecraft:nether_bricks":9,"minecraft:blast_furnace":2,"minecraft:potato":10,"create:zinc_ingot":117,"minecraft:diamond_pickaxe":2,"iceandfire:silver_ingot":21,"minecraft:spider_eye":3,"botania:lime_mystical_flower":1,"create:belt_connector":21,"minecraft:brown_mushroom":1,"naturalist:antler":2,"regions_unexplored:glister_spire":1,"minecraft:leather":17,"regions_unexplored:brimsprout":7,"regions_unexplored:glistering_ivy":1,"minecraft:polished_blackstone_bricks":1,"minecraft:gold_ingot":112,"create:crushing_wheel":2,"minecraft:spyglass":3,"minecraft:leather_chestplate":1,"regions_unexplored:peat_dirt":14,"minecraft:skeleton_skull":1,"minecraft:beetroot_seeds":5,"iceandfire:pixie_dust":5,"minecraft:chest":1,"minecraft:iron_bars":3,"minecraft:arrow":27,"minecraft:cracked_nether_bricks":3,"minecraft:quartz":2,"minecraft:netherrack":69,"minecraft:bread":78,"minecraft:spectral_arrow":74,"minecraft:copper_ingot":289,"mekanismtools:osmium_axe":1,"minecraft:spruce_stairs":1,"minecraft:stick":4,"minecraft:torch":3,"minecraft:iron_leggings":3,"mekanism:raw_osmium":18,"minecraft:shield":1,"regions_unexplored:maple_leaf_pile":3,"minecraft:iron_chestplate":1,"minecraft:oak_sapling":1,"minecraft:oak_boat":1,"botania:pink_mystical_flower":2,"minecraft:stone_pickaxe":1},"minecraft:broken":{"minecraft:iron_leggings":1,"minecraft:iron_axe":2,"minecraft:iron_pickaxe":3,"minecraft:stone_pickaxe":1,"mekanismtools:wood_paxel":1,"minecraft:stone_axe":2,"minecraft:wooden_axe":3,"minecraft:golden_hoe":1,"create:sand_paper":8},"minecraft:crafted":{"minecraft:smooth_stone":5,"create:copper_diving_boots":1,"mekanism:ingot_osmium":40,"regions_unexplored:maple_planks":904,"minecraft:birch_boat":2,"minecraft:cooked_mutton":28,"minecraft:glass":48,"create:andesite_funnel":6,"sophisticatedbackpacks:copper_backpack":1,"sophisticatedbackpacks:tank_upgrade":1,"create:mechanical_press":1,"iceandfire:armor_copper_metal_chestplate":1,"storagedrawers:oak_full_drawers_4":4,"create:cogwheel":82,"mekanism:ingot_tin":31,"minecraft:wooden_shovel":1,"create:rose_quartz":71,"minecraft:cooked_porkchop":2,"regions_unexplored:yellow_bioshroom_planks":48,"minecraft:copper_ingot":306,"minecraft:sticky_piston":1,"minecraft:campfire":10,"create:mechanical_mixer":1,"mekanism:ingot_lead":8,"create:gearbox":12,"minecraft:golden_leggings":2,"minecraft:iron_pickaxe":3,"minecraft:iron_block":1,"minecraft:gold_ingot":79,"create:large_cogwheel":42,"iceandfire:gold_pile":15,"minecraft:stone_shovel":2,"minecraft:smooth_stone_slab":6,"create:wrench":2,"minecraft:iron_nugget":969,"minecraft:spyglass":2,"iceandfire:armor_copper_metal_leggings":1,"minecraft:bone_meal":420,"mekanism:ingot_uranium":6,"regions_unexplored:mauve_planks":48,"minecraft:stone_pickaxe":1,"create:electron_tube":8,"create:belt_connector":33,"minecraft:golden_helmet":1,"regions_unexplored:magnolia_planks":16,"minecraft:wheat":486,"minecraft:dried_kelp":206,"create:goggles":2,"sophisticatedbackpacks:gold_backpack":1,"minecraft:oak_chest_boat":1,"minecraft:wooden_axe":5,"minecraft:iron_shovel":1,"regions_unexplored:mauve_boat":1,"minecraft:armor_stand":2,"create:shaft":312,"minecraft:oak_planks":176,"mekanismtools:iron_paxel":1,"minecraft:barrel":18,"twilightforest:twisted_stone":1,"minecraft:cooked_chicken":7,"minecraft:stone":268,"minecraft:chest":18,"minecraft:copper_block":1,"minecraft:stone_bricks":68,"minecraft:golden_boots":1,"minecraft:smoker":3,"sophisticatedbackpacks:backpack":3,"minecraft:arrow":36,"minecraft:crafting_table":39,"minecraft:spruce_planks":172,"create:fluid_pipe":16,"minecraft:wooden_pickaxe":2,"create:sand_paper":12,"minecraft:birch_planks":400,"create:gearshift":1,"minecraft:spectral_arrow":72,"sophisticatedbackpacks:upgrade_base":3,"minecraft:diamond_pickaxe":1,"minecraft:charcoal":19,"create:water_wheel":18,"minecraft:shield":1,"minecraft:stick":60,"minecraft:iron_ingot":193,"create:mechanical_pump":3,"minecraft:stone_sword":1,"regions_unexplored:maple_slab":310,"sophisticatedbackpacks:filter_upgrade":1,"sophisticatedbackpacks:advanced_pickup_upgrade":1,"create:empty_blaze_burner":6,"minecraft:wooden_sword":1,"minecraft:redstone":573,"create:steam_engine":1,"minecraft:golden_chestplate":1,"minecraft:furnace":3,"minecraft:piston":1,"mekanismtools:osmium_axe":1,"mekanismtools:wood_paxel":1,"minecraft:iron_axe":2,"create:millstone":1,"minecraft:birch_chest_boat":1,"create:fluid_tank":18,"create:basin":5,"sophisticatedbackpacks:iron_backpack":1,"minecraft:cooked_beef":9,"create:andesite_alloy":288,"iceandfire:silver_ingot":46,"create:large_water_wheel":17,"minecraft:bucket":4,"minecraft:stone_axe":3,"minecraft:bread":197,"minecraft:air":0,"minecraft:oak_boat":3,"sophisticatedbackpacks:pickup_upgrade":1,"sophisticatedbackpacks:advanced_filter_upgrade":1,"create:whisk":1,"create:mechanical_crafter":24,"create:mechanical_drill":4,"minecraft:pumpkin_pie":2,"create:copper_diving_helmet":1,"minecraft:torch":480,"create:zinc_ingot":124},"minecraft:killed":{"minecraft:skeleton":5,"minecraft:chicken":9,"minecraft:goat":1,"minecraft:zombie":21,"minecraft:cow":13,"naturalist:deer":1,"iceandfire:ghost":2,"minecraft:spider":14,"minecraft:piglin_brute":2,"minecraft:piglin":2,"minecraft:pig":1,"minecraft:zombie_villager":1,"minecraft:creeper":2,"minecraft:sheep":6,"minecraft:blaze":1,"minecraft:hoglin":1,"minecraft:wither_skeleton":3},"minecraft:mined":{"regions_unexplored:yellow_bioshroom_block":66,"minecraft:white_bed":1,"regions_unexplored:brimsprout":13,"create:andesite_casing":72,"regions_unexplored:magnolia_log":57,"regions_unexplored:brimwood_leaves":2,"minecraft:granite":3,"create:belt":2,"minecraft:polished_blackstone_bricks":18,"minecraft:tall_seagrass":7,"regions_unexplored:stone_bud":1,"minecraft:fire":10,"iceandfire:gold_pile":26,"create:gearshift":1,"create:mechanical_press":1,"create:cogwheel":9,"minecraft:kelp_plant":154,"regions_unexplored:tall_cobalt_earlight":5,"minecraft:smoker":1,"minecraft:torch":12,"minecraft:blast_furnace":3,"regions_unexplored:glowing_yellow_bioshroom_block":12,"regions_unexplored:cobalt_roots":3,"minecraft:glass":7,"minecraft:sugar_cane":17,"regions_unexplored:pine_log":24,"minecraft:skeleton_skull":1,"create:basin":10,"create:andesite_belt_funnel":1,"regions_unexplored:glister_bulb":1,"minecraft:wheat":126,"create:mechanical_mixer":2,"minecraft:wither_rose":2,"minecraft:grass":93,"regions_unexplored:clover":1,"minecraft:stonecutter":1,"regions_unexplored:mycotoxic_grass":1,"regions_unexplored:fireweed":3,"regions_unexplored:glistering_sprout":1,"create:millstone":1,"minecraft:mossy_cobblestone":3,"create:fluid_tank":10,"regions_unexplored:hanging_earlight":2,"regions_unexplored:stone_grass_block":1,"minecraft:kelp":19,"create:shaft":40,"minecraft:andesite":613,"minecraft:potatoes":11,"regions_unexplored:small_oak_log":16,"minecraft:bone_block":35,"minecraft:white_wool":1,"botania:lime_mystical_flower":1,"minecraft:soul_sand":5,"regions_unexplored:cobalt_earlight":3,"storagedrawers:oak_full_drawers_4":8,"create:fluid_pipe":9,"create:mechanical_pump":2,"minecraft:campfire":2,"minecraft:tall_grass":8,"minecraft:copper_ore":35,"regions_unexplored:mauve_log":12,"minecraft:diorite":2,"create:water_wheel_structure":7,"create:blaze_burner":17,"create:gearbox":9,"minecraft:spruce_log":67,"minecraft:birch_leaves":4,"regions_unexplored:sandy_grass":4,"create:mechanical_drill":4,"create:crushing_wheel":3,"regions_unexplored:silver_birch_log":147,"minecraft:gravel":31,"minecraft:cobweb":8,"regions_unexplored:blackstone_cluster":4,"minecraft:stone_bricks":39,"create:andesite_funnel":3,"minecraft:fern":1,"regions_unexplored:willow_shrub":1,"iceandfire:graveyard_soil":1,"regions_unexplored:maple_planks":52,"regions_unexplored:maple_log":432,"botania:pink_double_flower":1,"minecraft:brewing_stand":1,"minecraft:grass_block":244,"regions_unexplored:yellow_bioshroom_stem":12,"minecraft:cracked_polished_blackstone_bricks":6,"create:powered_shaft":1,"minecraft:glowstone":50,"minecraft:iron_ore":34,"regions_unexplored:glister_spire":1,"minecraft:skeleton_wall_skull":1,"regions_unexplored:dorcel":1,"minecraft:blackstone":5,"create:steam_engine":2,"iceandfire:ghost_chest":2,"minecraft:chest":15,"create:brass_casing":21,"minecraft:cobblestone":66,"minecraft:grindstone":1,"minecraft:oak_planks":2,"minecraft:wall_torch":3,"create:large_water_wheel":2,"minecraft:seagrass":2,"create:glass_fluid_pipe":4,"regions_unexplored:sandy_tall_grass":1,"mekanism:fluorite_ore":1,"minecraft:birch_log":41,"aquamirae:wisteria_niveis":7,"minecraft:smooth_stone_slab":1,"minecraft:oak_log":123,"minecraft:beetroots":5,"minecraft:sand":115,"minecraft:dirt":230,"regions_unexplored:cobalt_nylium":1,"minecraft:netherrack":120,"minecraft:oak_leaves":5,"minecraft:nether_gold_ore":3,"create:large_cogwheel":23,"minecraft:spruce_leaves":2,"minecraft:large_fern":3,"minecraft:hay_block":55,"minecraft:furnace":1,"minecraft:carrots":13,"regions_unexplored:orange_maple_leaves":5,"minecraft:gold_block":2,"regions_unexplored:medium_grass":6,"minecraft:stone":108,"minecraft:basalt":31,"regions_unexplored:mycotoxic_moss":7,"minecraft:oak_fence":5,"minecraft:crafting_table":9,"minecraft:deepslate_coal_ore":4,"minecraft:lapis_ore":1,"regions_unexplored:daisy":1,"minecraft:blue_bed":2,"minecraft:spruce_stairs":1,"botania:pink_mystical_flower":2,"regions_unexplored:yellow_bioshroom_planks":6,"minecraft:birch_planks":3,"minecraft:ice":2,"regions_unexplored:red_maple_leaf_pile":2,"minecraft:yellow_bed":3,"minecraft:coal_ore":73,"regions_unexplored:glistering_ivy_plant":1},"minecraft:custom":{"minecraft:interact_with_crafting_table":192,"minecraft:open_barrel":2,"minecraft:bell_ring":3,"minecraft:leave_game":13,"minecraft:time_since_death":177205,"minecraft:damage_blocked_by_shield":300,"minecraft:play_time":804998,"minecraft:deaths":22,"minecraft:jump":12933,"minecraft:interact_with_furnace":155,"minecraft:sleep_in_bed":12,"minecraft:damage_dealt":12886,"minecraft:interact_with_smoker":74,"minecraft:interact_with_smithing_table":9,"minecraft:sneak_time":12726,"minecraft:interact_with_blast_furnace":114,"minecraft:total_world_time":804998,"minecraft:interact_with_stonecutter":1,"minecraft:time_since_rest":17653,"minecraft:swim_one_cm":207858,"minecraft:fly_one_cm":2395812,"minecraft:open_chest":374,"minecraft:fall_one_cm":331010,"minecraft:animals_bred":1,"minecraft:sprint_one_cm":1810383,"minecraft:drop":217,"minecraft:walk_on_water_one_cm":80359,"minecraft:crouch_one_cm":28268,"minecraft:mob_kills":94,"minecraft:interact_with_campfire":1,"minecraft:climb_one_cm":6450,"minecraft:walk_one_cm":1970180,"minecraft:walk_under_water_one_cm":115493,"minecraft:boat_one_cm":902107,"minecraft:damage_taken":2147483647,"minecraft:trigger_trapped_chest":2}},"DataVersion":3465}