{"stats":{"minecraft:picked_up":{"regions_unexplored:small_oak_log":70,"minecraft:iron_chestplate":4,"minecraft:wheat":18,"iceandfire:copper_sword":1,"regions_unexplored:magnolia_log":110,"minecraft:smithing_table":3,"minecraft:stone_slab":3,"minecraft:diamond_sword":1,"minecraft:wither_rose":5,"regions_unexplored:maple_planks":37,"minecraft:stone_brick_stairs":8,"minecraft:brewing_stand":1,"minecraft:golden_sword":1,"minecraft:string":28,"minecraft:smooth_stone_slab":1,"minecraft:iron_leggings":5,"minecraft:netherite_ingot":1,"minecraft:experience_bottle":1,"regions_unexplored:pine_log":153,"minecraft:gold_nugget":945,"minecraft:spruce_planks":41,"regions_unexplored:larch_log":1,"minecraft:netherite_upgrade_smithing_template":1,"minecraft:iron_pickaxe":7,"minecraft:iron_boots":6,"minecraft:furnace":4,"iceandfire:pixie_dust":6,"minecraft:stick":305,"iceandfire:ghost_chest":5,"minecraft:oak_fence":6,"minecraft:torch":80,"create:andesite_casing":29,"minecraft:spruce_stairs":1,"minecraft:porkchop":10,"iceandfire:rotten_egg":1,"minecraft:diorite":2,"regions_unexplored:daisy":1,"mekanism:raw_tin":33,"minecraft:goat_horn":1,"regions_unexplored:pink_magnolia_sapling":12,"create:large_cogwheel":3,"minecraft:stone_sword":2,"minecraft:rotten_flesh":26,"regions_unexplored:mauve_log":12,"regions_unexplored:magnolia_sapling":32,"minecraft:iron_bars":3,"minecraft:snowball":4,"minecraft:cobblestone":646,"minecraft:birch_log":41,"storagedrawers:oak_full_drawers_4":16,"minecraft:feather":24,"minecraft:leather_chestplate":1,"minecraft:cooked_beef":61,"minecraft:andesite":148,"minecraft:smoker":1,"minecraft:potato":51,"minecraft:flint":7,"minecraft:lapis_lazuli":25,"minecraft:dirt":504,"minecraft:leather_boots":3,"minecraft:bone":32,"minecraft:wheat_seeds":59,"minecraft:stonecutter":8,"botania:pink_mystical_flower":2,"aquamirae:wisteria_niveis":11,"minecraft:grindstone":3,"create:shaft":6,"minecraft:mossy_stone_bricks":4,"minecraft:oak_planks":380,"create:cogwheel":1,"botania:pink_double_flower":2,"minecraft:sand":3,"minecraft:birch_chest_boat":2,"minecraft:grass_block":2,"minecraft:dark_oak_log":14,"minecraft:mossy_cobblestone":3,"regions_unexplored:mauve_planks":129,"minecraft:iron_hoe":2,"naturalist:antler":2,"minecraft:diamond":6,"minecraft:cracked_polished_blackstone_bricks":1,"regions_unexplored:clover":1,"minecraft:crossbow":8,"minecraft:granite":3,"minecraft:grass":1,"regions_unexplored:mauve_boat":5,"minecraft:bread":179,"minecraft:oak_sapling":140,"iceandfire:raw_silver":24,"minecraft:charcoal":16,"minecraft:crafting_table":20,"minecraft:chicken":8,"naturalist:venison":2,"minecraft:brown_mushroom":4,"minecraft:wooden_pickaxe":5,"regions_unexplored:white_trillium":1,"regions_unexplored:red_maple_leaf_pile":3,"minecraft:shield":2,"minecraft:iron_axe":1,"minecraft:iron_shovel":3,"regions_unexplored:orange_maple_sapling":27,"iceandfire:graveyard_soil":1,"minecraft:beef":80,"regions_unexplored:maple_leaf_pile":3,"minecraft:oak_boat":1,"minecraft:iron_nugget":3,"minecraft:sugar_cane":61,"minecraft:chest":21,"minecraft:birch_sapling":30,"minecraft:raw_iron":35,"minecraft:copper_ingot":4,"minecraft:polished_blackstone_bricks":1,"minecraft:carrot":16,"iceandfire:silver_ingot":21,"minecraft:arrow":24,"minecraft:stone_shovel":5,"regions_unexplored:mauve_sapling":18,"botania:lime_mystical_flower":1,"regions_unexplored:maple_sapling":13,"minecraft:beetroot_seeds":5,"iceandfire:chared_dirt":1,"minecraft:hay_block":55,"botania:blue_mystical_flower":2,"minecraft:gold_ingot":5,"minecraft:oak_chest_boat":2,"minecraft:mutton":31,"minecraft:bone_block":37,"minecraft:skeleton_skull":7,"minecraft:white_wool":17,"regions_unexplored:peat_dirt":14,"minecraft:basalt":1,"minecraft:leather":120,"minecraft:filled_map":5,"minecraft:birch_planks":110,"minecraft:ice":2,"minecraft:oak_log":178,"regions_unexplored:red_maple_sapling":35,"minecraft:yellow_bed":8,"minecraft:gunpowder":3,"minecraft:blue_bed":4,"minecraft:cooked_mutton":2,"minecraft:apple":12,"minecraft:stone_bricks":4,"minecraft:kelp":3,"minecraft:cooked_chicken":3,"minecraft:cobweb":16,"minecraft:iron_ingot":6,"minecraft:stone_pickaxe":11,"minecraft:iron_sword":1,"regions_unexplored:silver_birch_sapling":9,"create:large_water_wheel":8,"regions_unexplored:white_magnolia_sapling":8,"minecraft:birch_boat":1,"minecraft:pumpkin":2,"minecraft:chiseled_stone_bricks":4,"minecraft:stone_brick_slab":4,"minecraft:spyglass":1,"minecraft:gravel":29,"minecraft:spruce_sapling":41,"minecraft:blast_furnace":5,"minecraft:spruce_log":73,"mekanism:raw_osmium":54,"minecraft:spider_eye":5,"regions_unexplored:maple_slab":66,"regions_unexplored:fireweed":3,"minecraft:stone_axe":7,"regions_unexplored:silver_birch_log":29,"regions_unexplored:maple_log":146,"minecraft:coal":467,"minecraft:wooden_axe":7},"minecraft:used":{"minecraft:iron_shovel":242,"minecraft:bone_block":2,"minecraft:iron_sword":1,"minecraft:chest":20,"minecraft:shield":3,"minecraft:stone":129,"minecraft:grass":1,"create:cogwheel":13,"minecraft:carrot":8,"regions_unexplored:silver_birch_sapling":9,"minecraft:glass":28,"minecraft:lava_bucket":32,"regions_unexplored:orange_maple_sapling":27,"regions_unexplored:maple_sapling":13,"iceandfire:ghost_chest":2,"create:millstone":2,"minecraft:stone_brick_stairs":2,"minecraft:stone_bricks":92,"create:andesite_funnel":8,"minecraft:sweet_berries":7,"minecraft:hay_block":1,"create:shaft":24,"minecraft:furnace":2,"create:mechanical_drill":8,"minecraft:skeleton_skull":1,"create:copper_diving_boots":1,"minecraft:oak_chest_boat":2,"minecraft:mossy_stone_bricks":1,"minecraft:stone_pickaxe":168,"minecraft:oak_planks":23,"minecraft:wooden_pickaxe":26,"minecraft:blue_bed":2,"minecraft:blast_furnace":1,"minecraft:crossbow":46,"regions_unexplored:mauve_boat":3,"minecraft:bread":63,"mekanismtools:iron_paxel":198,"create:andesite_casing":18,"minecraft:wooden_sword":11,"minecraft:grindstone":1,"minecraft:smithing_table":1,"minecraft:birch_log":10,"minecraft:smooth_stone_slab":1,"minecraft:oak_boat":2,"minecraft:bone_meal":138,"regions_unexplored:red_maple_sapling":34,"minecraft:cobweb":10,"create:large_cogwheel":27,"minecraft:oak_fence":5,"minecraft:netherite_sword":1,"minecraft:stone_sword":3,"minecraft:armor_stand":2,"minecraft:stone_shovel":22,"minecraft:cooked_chicken":6,"minecraft:netherrack":15,"regions_unexplored:maple_planks":84,"minecraft:torch":364,"minecraft:brewing_stand":1,"minecraft:spyglass":86,"minecraft:dirt":330,"iceandfire:pixie_dust":1,"regions_unexplored:clover":1,"minecraft:iron_hoe":13,"minecraft:stone_brick_slab":1,"minecraft:wooden_axe":198,"twilightforest:twisted_stone":1,"create:wrench":10,"minecraft:birch_chest_boat":2,"create:gearbox":6,"minecraft:iron_axe":324,"minecraft:iron_boots":1,"minecraft:basalt":1,"minecraft:cooked_beef":19,"create:belt_connector":8,"minecraft:wheat_seeds":31,"minecraft:cooked_mutton":28,"minecraft:water_bucket":54,"minecraft:birch_planks":19,"create:empty_blaze_burner":1,"aquamirae:wisteria_niveis":7,"minecraft:birch_boat":2,"minecraft:stonecutter":1,"minecraft:polished_blackstone_bricks":1,"minecraft:crafting_table":19,"minecraft:campfire":1,"minecraft:smoker":4,"mekanismtools:wood_paxel":133,"minecraft:oak_log":30,"create:mechanical_press":1,"minecraft:apple":12,"minecraft:cracked_polished_blackstone_bricks":1,"minecraft:iron_pickaxe":524,"create:water_wheel":2,"minecraft:stone_slab":1,"minecraft:spruce_sapling":10,"create:large_water_wheel":22,"regions_unexplored:yellow_bioshroom_planks":23,"minecraft:stone_axe":272,"minecraft:cobblestone":74,"storagedrawers:oak_full_drawers_4":12,"minecraft:cooked_porkchop":2,"minecraft:bucket":123,"minecraft:yellow_bed":3,"minecraft:kelp":84,"minecraft:smooth_stone":2},"minecraft:killed_by":{"naturalist:rattlesnake":1,"minecraft:magma_cube":2,"minecraft:player":1,"iceandfire:gorgon":2},"minecraft:dropped":{"minecraft:iron_sword":2,"iceandfire:raw_silver":8,"naturalist:antler":2,"minecraft:brown_mushroom":1,"minecraft:cooked_beef":5,"minecraft:diamond":2,"minecraft:leather":17,"minecraft:leather_helmet":2,"minecraft:dirt":31,"minecraft:chain":16,"minecraft:sand":1,"minecraft:iron_pickaxe":1,"minecraft:white_wool":25,"regions_unexplored:mauve_sapling":6,"minecraft:gold_ingot":13,"botania:pink_double_flower":1,"minecraft:spyglass":2,"mekanism:free_runners":1,"minecraft:wheat":1,"minecraft:rotten_flesh":13,"regions_unexplored:maple_slab":64,"mekanism:raw_tin":11,"minecraft:leather_chestplate":1,"regions_unexplored:peat_dirt":14,"regions_unexplored:white_trillium":1,"minecraft:skeleton_skull":1,"minecraft:beetroot_seeds":5,"minecraft:leather_boots":2,"iceandfire:pixie_dust":5,"minecraft:iron_bars":3,"minecraft:arrow":27,"minecraft:glass":7,"minecraft:netherrack":38,"minecraft:iron_ingot":110,"minecraft:bread":51,"minecraft:wheat_seeds":12,"minecraft:cobblestone":210,"minecraft:spectral_arrow":74,"minecraft:granite":2,"minecraft:copper_ingot":37,"minecraft:spruce_stairs":1,"minecraft:stick":4,"minecraft:lava_bucket":1,"minecraft:torch":3,"minecraft:wooden_axe":1,"minecraft:iron_leggings":3,"mekanism:raw_osmium":18,"minecraft:pumpkin":1,"minecraft:string":6,"minecraft:spruce_sapling":1,"regions_unexplored:larch_log":1,"minecraft:iron_boots":2,"sophisticatedbackpacks:backpack":2,"minecraft:blast_furnace":2,"minecraft:potato":10,"minecraft:shield":1,"regions_unexplored:maple_leaf_pile":3,"minecraft:iron_chestplate":1,"iceandfire:silver_ingot":21,"minecraft:oak_boat":1,"minecraft:oak_sapling":1,"minecraft:spider_eye":3,"botania:pink_mystical_flower":2,"minecraft:stone_pickaxe":1,"botania:lime_mystical_flower":1},"minecraft:broken":{"minecraft:stone_pickaxe":1,"mekanismtools:wood_paxel":1,"minecraft:stone_axe":2,"minecraft:wooden_axe":3,"minecraft:iron_axe":2,"minecraft:iron_pickaxe":3},"minecraft:crafted":{"mekanismtools:iron_paxel":1,"minecraft:oak_planks":176,"minecraft:smooth_stone":5,"create:copper_diving_boots":1,"twilightforest:twisted_stone":1,"mekanism:ingot_osmium":40,"regions_unexplored:maple_planks":520,"minecraft:birch_boat":2,"minecraft:cooked_chicken":7,"minecraft:stone":268,"minecraft:cooked_mutton":28,"minecraft:glass":46,"create:andesite_funnel":6,"sophisticatedbackpacks:copper_backpack":1,"sophisticatedbackpacks:tank_upgrade":1,"create:mechanical_press":1,"iceandfire:armor_copper_metal_chestplate":1,"minecraft:chest":18,"storagedrawers:oak_full_drawers_4":4,"minecraft:stone_bricks":68,"create:cogwheel":35,"minecraft:golden_boots":1,"minecraft:smoker":3,"mekanism:ingot_tin":31,"minecraft:wooden_shovel":1,"sophisticatedbackpacks:backpack":3,"minecraft:arrow":36,"minecraft:cooked_porkchop":2,"regions_unexplored:yellow_bioshroom_planks":48,"minecraft:crafting_table":15,"minecraft:spruce_planks":172,"minecraft:wooden_pickaxe":2,"minecraft:copper_ingot":42,"minecraft:sticky_piston":1,"minecraft:birch_planks":232,"minecraft:spectral_arrow":72,"minecraft:campfire":1,"sophisticatedbackpacks:upgrade_base":3,"mekanism:ingot_lead":8,"create:gearbox":6,"minecraft:charcoal":19,"minecraft:golden_leggings":1,"create:water_wheel":15,"minecraft:shield":1,"minecraft:stick":56,"minecraft:iron_ingot":115,"minecraft:iron_pickaxe":3,"minecraft:iron_block":1,"minecraft:stone_sword":1,"minecraft:gold_ingot":73,"create:large_cogwheel":14,"regions_unexplored:maple_slab":256,"iceandfire:gold_pile":15,"sophisticatedbackpacks:filter_upgrade":1,"sophisticatedbackpacks:advanced_pickup_upgrade":1,"create:empty_blaze_burner":1,"minecraft:wooden_sword":1,"minecraft:stone_shovel":1,"create:wrench":1,"minecraft:smooth_stone_slab":6,"minecraft:golden_chestplate":1,"minecraft:iron_nugget":654,"minecraft:spyglass":2,"minecraft:furnace":3,"iceandfire:armor_copper_metal_leggings":1,"minecraft:piston":1,"minecraft:bone_meal":357,"mekanism:ingot_uranium":6,"mekanismtools:wood_paxel":1,"regions_unexplored:mauve_planks":48,"minecraft:iron_axe":2,"minecraft:birch_chest_boat":1,"create:millstone":1,"minecraft:stone_pickaxe":1,"create:belt_connector":12,"minecraft:golden_helmet":1,"regions_unexplored:magnolia_planks":16,"minecraft:wheat":486,"sophisticatedbackpacks:iron_backpack":1,"minecraft:cooked_beef":9,"create:andesite_alloy":136,"iceandfire:silver_ingot":46,"minecraft:dried_kelp":78,"create:goggles":1,"create:large_water_wheel":14,"sophisticatedbackpacks:gold_backpack":1,"minecraft:bucket":2,"minecraft:stone_axe":3,"minecraft:bread":163,"minecraft:air":0,"minecraft:oak_boat":3,"sophisticatedbackpacks:pickup_upgrade":1,"minecraft:oak_chest_boat":1,"sophisticatedbackpacks:advanced_filter_upgrade":1,"minecraft:wooden_axe":5,"minecraft:iron_shovel":1,"regions_unexplored:mauve_boat":1,"minecraft:armor_stand":2,"create:mechanical_drill":4,"create:shaft":100,"create:copper_diving_helmet":1,"minecraft:torch":332,"create:zinc_ingot":124},"minecraft:killed":{"minecraft:spider":13,"minecraft:skeleton":4,"minecraft:chicken":9,"minecraft:piglin_brute":2,"minecraft:piglin":2,"minecraft:pig":1,"minecraft:creeper":2,"minecraft:sheep":6,"minecraft:goat":1,"minecraft:zombie":14,"minecraft:cow":13,"naturalist:deer":1,"iceandfire:ghost":1,"minecraft:wither_skeleton":3},"minecraft:mined":{"regions_unexplored:brimsprout":10,"regions_unexplored:yellow_bioshroom_block":66,"regions_unexplored:willow_shrub":1,"iceandfire:graveyard_soil":1,"regions_unexplored:maple_planks":46,"regions_unexplored:maple_log":146,"create:andesite_casing":43,"regions_unexplored:magnolia_log":57,"botania:pink_double_flower":1,"regions_unexplored:brimwood_leaves":1,"minecraft:brewing_stand":1,"minecraft:granite":3,"minecraft:grass_block":192,"regions_unexplored:yellow_bioshroom_stem":12,"minecraft:cracked_polished_blackstone_bricks":6,"create:belt":2,"minecraft:polished_blackstone_bricks":17,"minecraft:tall_seagrass":3,"regions_unexplored:stone_bud":1,"minecraft:glowstone":50,"minecraft:iron_ore":20,"minecraft:fire":8,"minecraft:skeleton_wall_skull":1,"iceandfire:gold_pile":23,"create:cogwheel":3,"minecraft:blackstone":5,"minecraft:kelp_plant":87,"regions_unexplored:tall_cobalt_earlight":5,"minecraft:smoker":1,"minecraft:torch":9,"minecraft:blast_furnace":3,"regions_unexplored:glowing_yellow_bioshroom_block":12,"iceandfire:ghost_chest":1,"minecraft:chest":13,"regions_unexplored:cobalt_roots":3,"minecraft:glass":6,"minecraft:cobblestone":60,"minecraft:grindstone":1,"minecraft:sugar_cane":17,"minecraft:oak_planks":2,"minecraft:wall_torch":3,"regions_unexplored:pine_log":24,"create:large_water_wheel":2,"minecraft:skeleton_skull":1,"minecraft:seagrass":2,"regions_unexplored:sandy_tall_grass":1,"minecraft:birch_log":41,"minecraft:wheat":25,"aquamirae:wisteria_niveis":6,"minecraft:wither_rose":2,"minecraft:smooth_stone_slab":1,"minecraft:grass":59,"minecraft:oak_log":123,"minecraft:beetroots":5,"minecraft:sand":93,"minecraft:dirt":204,"regions_unexplored:clover":1,"regions_unexplored:cobalt_nylium":1,"minecraft:stonecutter":1,"minecraft:netherrack":34,"regions_unexplored:mycotoxic_grass":1,"minecraft:oak_leaves":5,"regions_unexplored:fireweed":3,"minecraft:nether_gold_ore":3,"create:millstone":1,"minecraft:mossy_cobblestone":3,"regions_unexplored:hanging_earlight":2,"create:large_cogwheel":5,"regions_unexplored:stone_grass_block":1,"minecraft:spruce_leaves":2,"minecraft:kelp":5,"minecraft:large_fern":3,"minecraft:hay_block":55,"create:shaft":14,"minecraft:furnace":1,"minecraft:carrots":13,"minecraft:andesite":308,"regions_unexplored:orange_maple_leaves":5,"minecraft:gold_block":2,"minecraft:potatoes":11,"regions_unexplored:medium_grass":6,"regions_unexplored:small_oak_log":16,"minecraft:stone":102,"minecraft:bone_block":35,"minecraft:white_wool":1,"botania:lime_mystical_flower":1,"minecraft:soul_sand":5,"minecraft:basalt":4,"regions_unexplored:cobalt_earlight":3,"storagedrawers:oak_full_drawers_4":8,"minecraft:oak_fence":5,"minecraft:crafting_table":9,"minecraft:campfire":2,"minecraft:tall_grass":7,"minecraft:deepslate_coal_ore":4,"regions_unexplored:mauve_log":12,"minecraft:lapis_ore":1,"regions_unexplored:daisy":1,"minecraft:diorite":2,"minecraft:blue_bed":2,"regions_unexplored:yellow_bioshroom_planks":6,"botania:pink_mystical_flower":2,"minecraft:spruce_stairs":1,"create:blaze_burner":1,"create:water_wheel_structure":6,"minecraft:birch_planks":1,"create:gearbox":1,"minecraft:ice":2,"minecraft:spruce_log":67,"minecraft:birch_leaves":4,"regions_unexplored:red_maple_leaf_pile":2,"minecraft:yellow_bed":3,"regions_unexplored:sandy_grass":4,"create:mechanical_drill":4,"minecraft:coal_ore":66,"regions_unexplored:silver_birch_log":29,"minecraft:gravel":31,"minecraft:cobweb":8,"regions_unexplored:blackstone_cluster":4,"minecraft:stone_bricks":39,"create:andesite_funnel":3,"minecraft:fern":1},"minecraft:custom":{"minecraft:animals_bred":1,"minecraft:interact_with_crafting_table":124,"minecraft:open_barrel":2,"minecraft:bell_ring":3,"minecraft:leave_game":10,"minecraft:time_since_death":4943,"minecraft:sprint_one_cm":1402080,"minecraft:damage_blocked_by_shield":210,"minecraft:drop":99,"minecraft:play_time":564050,"minecraft:deaths":21,"minecraft:jump":9930,"minecraft:walk_on_water_one_cm":67193,"minecraft:interact_with_furnace":146,"minecraft:sleep_in_bed":9,"minecraft:damage_dealt":10188,"minecraft:crouch_one_cm":22651,"minecraft:interact_with_smoker":63,"minecraft:interact_with_smithing_table":7,"minecraft:mob_kills":81,"minecraft:interact_with_campfire":1,"minecraft:climb_one_cm":5033,"minecraft:walk_one_cm":1403531,"minecraft:sneak_time":10361,"minecraft:walk_under_water_one_cm":110688,"minecraft:boat_one_cm":902107,"minecraft:interact_with_blast_furnace":66,"minecraft:total_world_time":564050,"minecraft:interact_with_stonecutter":1,"minecraft:time_since_rest":4978,"minecraft:damage_taken":2147483647,"minecraft:trigger_trapped_chest":1,"minecraft:swim_one_cm":188138,"minecraft:fly_one_cm":1857319,"minecraft:open_chest":250,"minecraft:fall_one_cm":263415}},"DataVersion":3465}