{"stats":{"minecraft:picked_up":{"regions_unexplored:small_oak_log":70,"minecraft:chicken":1,"minecraft:charcoal":16,"minecraft:iron_chestplate":2,"minecraft:crafting_table":20,"minecraft:wheat":13,"iceandfire:copper_sword":1,"naturalist:venison":2,"regions_unexplored:magnolia_log":110,"minecraft:smithing_table":3,"minecraft:brown_mushroom":4,"minecraft:stone_slab":3,"minecraft:wooden_pickaxe":5,"regions_unexplored:white_trillium":1,"minecraft:wither_rose":5,"minecraft:stone_brick_stairs":8,"regions_unexplored:red_maple_leaf_pile":1,"minecraft:shield":2,"minecraft:string":14,"minecraft:iron_leggings":4,"minecraft:iron_shovel":2,"regions_unexplored:orange_maple_sapling":1,"iceandfire:graveyard_soil":1,"regions_unexplored:pine_log":144,"minecraft:gold_nugget":488,"minecraft:spruce_planks":41,"minecraft:beef":76,"regions_unexplored:maple_leaf_pile":3,"minecraft:oak_boat":1,"regions_unexplored:larch_log":1,"minecraft:iron_pickaxe":4,"minecraft:sugar_cane":13,"minecraft:chest":9,"minecraft:birch_sapling":30,"minecraft:iron_boots":4,"minecraft:furnace":3,"iceandfire:pixie_dust":5,"minecraft:stick":156,"minecraft:raw_iron":19,"iceandfire:ghost_chest":5,"minecraft:copper_ingot":4,"minecraft:torch":70,"minecraft:spruce_stairs":1,"minecraft:porkchop":10,"regions_unexplored:daisy":1,"mekanism:raw_tin":33,"minecraft:goat_horn":1,"regions_unexplored:pink_magnolia_sapling":12,"minecraft:stone_sword":2,"minecraft:arrow":12,"minecraft:stone_shovel":5,"minecraft:rotten_flesh":19,"regions_unexplored:mauve_sapling":18,"botania:lime_mystical_flower":1,"regions_unexplored:maple_sapling":2,"regions_unexplored:mauve_log":12,"iceandfire:chared_dirt":1,"botania:blue_mystical_flower":2,"minecraft:oak_chest_boat":2,"minecraft:mutton":5,"regions_unexplored:magnolia_sapling":32,"minecraft:iron_bars":3,"minecraft:skeleton_skull":5,"minecraft:white_wool":3,"minecraft:cobblestone":266,"minecraft:birch_log":41,"storagedrawers:oak_full_drawers_4":8,"regions_unexplored:peat_dirt":14,"minecraft:feather":8,"minecraft:cooked_beef":51,"minecraft:andesite":2,"minecraft:leather":94,"minecraft:potato":36,"minecraft:filled_map":5,"minecraft:birch_planks":110,"minecraft:flint":6,"minecraft:oak_log":134,"regions_unexplored:red_maple_sapling":6,"minecraft:yellow_bed":8,"minecraft:lapis_lazuli":25,"minecraft:blue_bed":3,"minecraft:dirt":61,"minecraft:leather_boots":2,"minecraft:bone":18,"minecraft:apple":7,"minecraft:stone_bricks":4,"minecraft:kelp":3,"minecraft:stonecutter":8,"minecraft:wheat_seeds":22,"botania:pink_mystical_flower":2,"minecraft:grindstone":2,"minecraft:iron_ingot":6,"minecraft:stone_pickaxe":10,"minecraft:cobweb":10,"minecraft:mossy_stone_bricks":4,"minecraft:oak_planks":365,"regions_unexplored:white_magnolia_sapling":8,"minecraft:birch_boat":1,"minecraft:pumpkin":2,"minecraft:chiseled_stone_bricks":4,"minecraft:stone_brick_slab":4,"botania:pink_double_flower":2,"minecraft:birch_chest_boat":2,"minecraft:sand":3,"minecraft:spruce_sapling":11,"minecraft:blast_furnace":4,"minecraft:spruce_log":6,"mekanism:raw_osmium":54,"minecraft:dark_oak_log":14,"minecraft:spider_eye":1,"regions_unexplored:mauve_planks":129,"naturalist:antler":2,"regions_unexplored:fireweed":3,"minecraft:diamond":6,"minecraft:stone_axe":7,"regions_unexplored:clover":1,"minecraft:granite":2,"minecraft:crossbow":7,"regions_unexplored:maple_log":16,"regions_unexplored:mauve_boat":3,"minecraft:bread":137,"minecraft:oak_sapling":120,"minecraft:coal":466,"iceandfire:raw_silver":24,"minecraft:wooden_axe":6},"minecraft:used":{"minecraft:stone_sword":3,"minecraft:stone_shovel":22,"minecraft:chest":1,"minecraft:cooked_chicken":1,"minecraft:torch":62,"regions_unexplored:clover":1,"minecraft:stone_brick_slab":1,"minecraft:wooden_axe":68,"minecraft:birch_chest_boat":2,"iceandfire:ghost_chest":1,"minecraft:stone_brick_stairs":2,"minecraft:stone_bricks":1,"minecraft:sweet_berries":7,"minecraft:furnace":1,"minecraft:cooked_beef":17,"minecraft:oak_chest_boat":2,"minecraft:mossy_stone_bricks":1,"minecraft:birch_planks":19,"minecraft:stone_pickaxe":123,"minecraft:oak_planks":23,"minecraft:wooden_pickaxe":26,"minecraft:birch_boat":2,"minecraft:blue_bed":1,"minecraft:crafting_table":14,"minecraft:campfire":1,"minecraft:crossbow":7,"mekanismtools:wood_paxel":133,"regions_unexplored:mauve_boat":2,"minecraft:apple":12,"minecraft:bread":19,"minecraft:iron_pickaxe":3,"minecraft:stone_slab":1,"minecraft:stone_axe":183,"minecraft:cobblestone":30,"storagedrawers:oak_full_drawers_4":4,"minecraft:cooked_porkchop":2,"minecraft:birch_log":10,"minecraft:yellow_bed":3,"minecraft:oak_boat":2,"minecraft:cobweb":4},"minecraft:killed_by":{"naturalist:rattlesnake":1,"iceandfire:gorgon":2},"minecraft:dropped":{"iceandfire:raw_silver":8,"minecraft:brown_mushroom":1,"naturalist:antler":2,"minecraft:wheat_seeds":12,"minecraft:diamond":2,"minecraft:granite":2,"minecraft:spruce_stairs":1,"minecraft:stick":4,"minecraft:wooden_axe":1,"minecraft:iron_leggings":1,"minecraft:pumpkin":1,"mekanism:raw_osmium":18,"minecraft:sand":1,"minecraft:iron_pickaxe":1,"regions_unexplored:mauve_sapling":6,"botania:pink_double_flower":1,"regions_unexplored:larch_log":1,"minecraft:wheat":1,"minecraft:rotten_flesh":9,"minecraft:iron_boots":1,"sophisticatedbackpacks:backpack":1,"mekanism:raw_tin":11,"minecraft:blast_furnace":2,"regions_unexplored:white_trillium":1,"minecraft:potato":10,"regions_unexplored:peat_dirt":14,"minecraft:shield":1,"regions_unexplored:maple_leaf_pile":3,"iceandfire:pixie_dust":5,"minecraft:leather_boots":1,"minecraft:oak_boat":1,"minecraft:spider_eye":1,"minecraft:iron_bars":3,"botania:pink_mystical_flower":2,"minecraft:stone_pickaxe":1,"botania:lime_mystical_flower":1},"minecraft:broken":{"mekanismtools:wood_paxel":1,"minecraft:stone_axe":1,"minecraft:wooden_axe":1},"minecraft:crafted":{"minecraft:oak_planks":120,"minecraft:stone_shovel":1,"minecraft:birch_boat":2,"minecraft:cooked_chicken":1,"mekanismtools:wood_paxel":1,"regions_unexplored:mauve_planks":48,"minecraft:birch_chest_boat":1,"minecraft:stone_pickaxe":1,"minecraft:chest":2,"storagedrawers:oak_full_drawers_4":4,"regions_unexplored:magnolia_planks":16,"minecraft:wooden_shovel":1,"sophisticatedbackpacks:backpack":1,"minecraft:cooked_porkchop":2,"minecraft:crafting_table":10,"minecraft:spruce_planks":32,"minecraft:wooden_pickaxe":2,"minecraft:birch_planks":116,"minecraft:campfire":1,"minecraft:stone_axe":2,"minecraft:bread":1,"minecraft:air":0,"minecraft:oak_boat":3,"minecraft:oak_chest_boat":1,"minecraft:stick":44,"minecraft:wooden_axe":3,"minecraft:stone_sword":1,"regions_unexplored:mauve_boat":1,"minecraft:torch":40},"minecraft:killed":{"minecraft:spider":4,"minecraft:skeleton":4,"naturalist:deer":1,"minecraft:chicken":1,"minecraft:pig":1,"minecraft:sheep":2,"minecraft:goat":1,"minecraft:zombie":8,"iceandfire:ghost":1,"minecraft:cow":11},"minecraft:mined":{"regions_unexplored:willow_shrub":1,"iceandfire:graveyard_soil":1,"regions_unexplored:maple_log":16,"regions_unexplored:magnolia_log":57,"botania:pink_double_flower":1,"minecraft:granite":2,"minecraft:grass_block":13,"regions_unexplored:stone_grass_block":1,"minecraft:spruce_leaves":1,"minecraft:large_fern":3,"minecraft:tall_seagrass":1,"regions_unexplored:stone_bud":1,"minecraft:iron_ore":4,"minecraft:fire":8,"regions_unexplored:medium_grass":5,"regions_unexplored:small_oak_log":16,"minecraft:stone":46,"minecraft:white_wool":1,"botania:lime_mystical_flower":1,"minecraft:kelp_plant":1,"storagedrawers:oak_full_drawers_4":4,"minecraft:crafting_table":8,"minecraft:torch":3,"minecraft:blast_furnace":2,"iceandfire:ghost_chest":1,"minecraft:chest":6,"minecraft:campfire":2,"minecraft:tall_grass":3,"regions_unexplored:mauve_log":12,"minecraft:deepslate_coal_ore":4,"minecraft:lapis_ore":1,"regions_unexplored:daisy":1,"minecraft:grindstone":1,"minecraft:oak_planks":2,"minecraft:sugar_cane":7,"minecraft:blue_bed":2,"minecraft:wall_torch":1,"regions_unexplored:pine_log":24,"minecraft:skeleton_skull":1,"minecraft:spruce_stairs":1,"botania:pink_mystical_flower":2,"minecraft:birch_planks":1,"regions_unexplored:sandy_tall_grass":1,"minecraft:birch_log":41,"minecraft:birch_leaves":4,"regions_unexplored:red_maple_leaf_pile":1,"minecraft:yellow_bed":3,"minecraft:wither_rose":2,"regions_unexplored:sandy_grass":4,"minecraft:grass":13,"minecraft:coal_ore":65,"minecraft:oak_log":77,"minecraft:gravel":1,"minecraft:sand":11,"minecraft:cobweb":2,"regions_unexplored:clover":1,"minecraft:stonecutter":1,"minecraft:oak_leaves":5,"regions_unexplored:fireweed":3,"minecraft:fern":1},"minecraft:custom":{"minecraft:interact_with_smithing_table":1,"minecraft:mob_kills":43,"minecraft:animals_bred":1,"minecraft:interact_with_crafting_table":22,"minecraft:interact_with_campfire":1,"minecraft:bell_ring":2,"minecraft:leave_game":6,"minecraft:time_since_death":14804,"minecraft:climb_one_cm":1901,"minecraft:sprint_one_cm":574777,"minecraft:walk_one_cm":441964,"minecraft:drop":47,"minecraft:play_time":184988,"minecraft:sneak_time":1384,"minecraft:deaths":15,"minecraft:walk_under_water_one_cm":52258,"minecraft:boat_one_cm":902107,"minecraft:jump":4233,"minecraft:walk_on_water_one_cm":38628,"minecraft:total_world_time":184988,"minecraft:interact_with_furnace":6,"minecraft:sleep_in_bed":6,"minecraft:time_since_rest":14989,"minecraft:damage_taken":2147483647,"minecraft:trigger_trapped_chest":1,"minecraft:damage_dealt":5270,"minecraft:swim_one_cm":119769,"minecraft:fly_one_cm":881020,"minecraft:open_chest":20,"minecraft:crouch_one_cm":4561,"minecraft:fall_one_cm":119630}},"DataVersion":3465}